
	<!DOCTYPE project [
		<!ELEMENT project (objectids-table | current-scenario | duration | aggregation-period | truncated-mean | percentile)* >
	
		<!ELEMENT objectids-table (objectids-entry)* >
		<!ELEMENT objectids-entry (#PCDATA)>
		<!ELEMENT duration (#PCDATA)>
		<!ELEMENT truncated-mean (#PCDATA)>
		<!ELEMENT percentile (#PCDATA)>
		<!ELEMENT aggregation-period (#PCDATA)>
		<!ELEMENT current-scenario (#PCDATA)>
		<!ATTLIST duration
		    value CDATA #REQUIRED>
	    <!ATTLIST aggregation-period
		    value CDATA #REQUIRED>
		<!ATTLIST objectids-entry
		    objectid CDATA #REQUIRED
		    type CDATA #REQUIRED
		    value CDATA #REQUIRED
		    key CDATA #REQUIRED>
		<!ATTLIST truncated-mean
		    centered-interval CDATA #REQUIRED
		    percentage CDATA #REQUIRED>
		 <!ATTLIST percentile
		    percentage CDATA #REQUIRED>
	]>


<!--****** RUNTIME PROJECT ******--><project>
<!--****** CURRENT SCENARIO ******-->
<current-scenario>SEPulse</current-scenario>
<!--****** OBJECTIDS ******-->
<objectids-table>
<objectids-entry key="" objectid="0" type="LG_HOST" value="localhost"/>
<objectids-entry key="" objectid="1" type="ZONE" value="Default zone"/>
<objectids-entry key="Default zone¤SE¤" objectid="2" type="POPULATION" value="SE"/>
<objectids-entry key="Default zone¤SE¤Student_Engagement_NL" objectid="3" type="VIRTUAL_USER" value="Student_Engagement_NL"/>
<objectids-entry key="Default zone¤SE¤Student_Engagement_NL" objectid="4" type="BASIC_LOGICAL_CONTAINER" value="$parent=Student_Engagement_NL;$index=0"/>
<objectids-entry key="Default zone¤SE¤Student_Engagement_NL" objectid="5" type="BASIC_LOGICAL_CONTAINER" value="$parent=Student_Engagement_NL;$index=1"/>
<objectids-entry key="Default zone¤SE¤Student_Engagement_NL" objectid="6" type="TRY" value="91b24461-cff0-4a1b-bc9d-7883ca74db6d"/>
<objectids-entry key="Default zone¤SE¤Student_Engagement_NL" objectid="7" type="BASIC_LOGICAL_CONTAINER" value="$parent=91b24461-cff0-4a1b-bc9d-7883ca74db6d;$index=0"/>
<objectids-entry key="Default zone¤SE¤Student_Engagement_NL" objectid="8" type="BASIC_LOGICAL_CONTAINER" value="56c1e645-705a-47ab-93f2-c5e8492ab0be"/>
<objectids-entry key="Default zone¤SE¤Student_Engagement_NL" objectid="9" type="HTTP_PAGE" value="f55d8d28-08a0-4290-b6bb-ec908a6fc3c1"/>
<objectids-entry key="Default zone¤SE¤Student_Engagement_NL" objectid="10" type="ACTION" value="604305fd-dc74-4d74-b621-ec5b950ccd83"/>
<objectids-entry key="Default zone¤SE¤Student_Engagement_NL" objectid="11" type="ACTION" value="6ca50155-cf96-4f8a-8ae9-edead777630e"/>
<objectids-entry key="Default zone¤SE¤Student_Engagement_NL" objectid="12" type="ACTION" value="90ac5e40-b738-4d8e-bc49-da07251ca705"/>
<objectids-entry key="Default zone¤SE¤Student_Engagement_NL" objectid="13" type="ACTION" value="c8c746eb-44c3-4968-8057-c8b82a8ba311"/>
<objectids-entry key="Default zone¤SE¤Student_Engagement_NL" objectid="14" type="ACTION" value="56d29ef3-4620-42ad-af9d-b3251f83a28b"/>
<objectids-entry key="Default zone¤SE¤Student_Engagement_NL" objectid="15" type="ACTION" value="d76ab0f1-5b54-440f-a137-db725ad9abb1"/>
<objectids-entry key="Default zone¤SE¤Student_Engagement_NL" objectid="16" type="ACTION" value="335f741c-8ead-4a34-b860-826e873b8b00"/>
<objectids-entry key="Default zone¤SE¤Student_Engagement_NL" objectid="17" type="ACTION" value="2a52bfe5-ee14-464f-8f2a-27cb3ba64985"/>
<objectids-entry key="Default zone¤SE¤Student_Engagement_NL" objectid="18" type="ACTION" value="ecd453be-fabd-4304-b7cf-eb227c6e132c"/>
<objectids-entry key="Default zone¤SE¤Student_Engagement_NL" objectid="19" type="ACTION" value="8775d112-1431-4da4-adb9-897849a487fb"/>
<objectids-entry key="Default zone¤SE¤Student_Engagement_NL" objectid="20" type="ACTION" value="364ea757-0d21-4993-93f1-ce8ed926ef7a"/>
<objectids-entry key="Default zone¤SE¤Student_Engagement_NL" objectid="21" type="ACTION" value="e58fb641-993a-4317-8fd9-7f4cf5aeb5ed"/>
<objectids-entry key="Default zone¤SE¤Student_Engagement_NL" objectid="22" type="ACTION" value="629f3eea-3036-481f-af8e-80a1d4cb0c92"/>
<objectids-entry key="Default zone¤SE¤Student_Engagement_NL" objectid="23" type="ACTION" value="dc1789a2-868a-413d-91bd-fc2bac0665b5"/>
<objectids-entry key="Default zone¤SE¤Student_Engagement_NL" objectid="24" type="ACTION" value="adc5bde7-504f-40c9-9eb4-44745de9d2bf"/>
<objectids-entry key="Default zone¤SE¤Student_Engagement_NL" objectid="25" type="ACTION" value="52a89488-77ea-4867-9958-244abc61d26a"/>
<objectids-entry key="Default zone¤SE¤Student_Engagement_NL" objectid="26" type="ACTION" value="d59a92ad-2a58-4746-b5a2-1103cb9d9104"/>
<objectids-entry key="Default zone¤SE¤Student_Engagement_NL" objectid="27" type="ACTION" value="c2d85176-1638-49f6-a296-6c874a1123bc"/>
<objectids-entry key="Default zone¤SE¤Student_Engagement_NL" objectid="28" type="ACTION" value="25ebd20c-33dc-4935-9c17-412c0cf4cf7a"/>
<objectids-entry key="Default zone¤SE¤Student_Engagement_NL" objectid="29" type="ACTION" value="ada42485-9b99-46a8-978f-dfcfa5ccfc3a"/>
<objectids-entry key="Default zone¤SE¤Student_Engagement_NL" objectid="30" type="ACTION" value="b4342d15-d2f9-4391-b337-4cae7566e376"/>
<objectids-entry key="Default zone¤SE¤Student_Engagement_NL" objectid="31" type="ACTION" value="5777a3c4-7b11-4183-9917-f2814b98f16b"/>
<objectids-entry key="Default zone¤SE¤Student_Engagement_NL" objectid="32" type="ACTION" value="19dbb708-3904-4e65-97e8-821886496e9e"/>
<objectids-entry key="Default zone¤SE¤Student_Engagement_NL" objectid="33" type="ACTION" value="b71c8922-a19e-413a-ac1a-8873e4ac47c2"/>
<objectids-entry key="Default zone¤SE¤Student_Engagement_NL" objectid="34" type="ACTION" value="9e897ead-7fdb-4c08-80a2-1e9868e732d6"/>
<objectids-entry key="Default zone¤SE¤Student_Engagement_NL" objectid="35" type="ACTION" value="67e53505-68a6-406c-9181-c406e05561cf"/>
<objectids-entry key="Default zone¤SE¤Student_Engagement_NL" objectid="36" type="ACTION" value="34e09c04-c2ab-42aa-9da2-05e6f599ce62"/>
<objectids-entry key="Default zone¤SE¤Student_Engagement_NL" objectid="37" type="ACTION" value="681d054f-fc7b-4528-89ce-e795d02e725d"/>
<objectids-entry key="Default zone¤SE¤Student_Engagement_NL" objectid="38" type="ACTION" value="d67694c9-ae47-4dac-bfe0-2f2436d201b6"/>
<objectids-entry key="Default zone¤SE¤Student_Engagement_NL" objectid="39" type="ACTION" value="044012b9-fa57-422c-ba0b-a664ef40b92a"/>
<objectids-entry key="Default zone¤SE¤Student_Engagement_NL" objectid="40" type="HTTP_PAGE" value="69795c01-88f2-4159-ad44-617857eae632"/>
<objectids-entry key="Default zone¤SE¤Student_Engagement_NL" objectid="41" type="ACTION" value="a417fa03-e490-402c-8eeb-847affb1f01d"/>
<objectids-entry key="Default zone¤SE¤Student_Engagement_NL" objectid="42" type="ACTION" value="a3195f44-6769-41ca-9566-debf040ecec3"/>
<objectids-entry key="Default zone¤SE¤Student_Engagement_NL" objectid="43" type="ACTION" value="3bb670e0-9050-4a84-a1d9-65327caa6496"/>
<objectids-entry key="Default zone¤SE¤Student_Engagement_NL" objectid="44" type="ACTION" value="d38911c5-1220-4508-8cbf-98a693e0cb2b"/>
<objectids-entry key="Default zone¤SE¤Student_Engagement_NL" objectid="45" type="ACTION" value="6adaa0c2-2da5-4fbd-a501-bc64fb78886b"/>
<objectids-entry key="Default zone¤SE¤Student_Engagement_NL" objectid="46" type="ACTION" value="61ce46f7-a8da-4424-a74b-5e40b767a85a"/>
<objectids-entry key="Default zone¤SE¤Student_Engagement_NL" objectid="47" type="ACTION" value="e8c8dd55-2c65-4db4-b9e7-aa827760bedb"/>
<objectids-entry key="Default zone¤SE¤Student_Engagement_NL" objectid="48" type="HTTP_PAGE" value="a85829f3-9fe1-4aaa-96dd-cd6c9fb9f9b4"/>
<objectids-entry key="Default zone¤SE¤Student_Engagement_NL" objectid="49" type="ACTION" value="9321a2d5-f0ed-4b02-a5a1-b518c5fb682c"/>
<objectids-entry key="Default zone¤SE¤Student_Engagement_NL" objectid="50" type="HTTP_PAGE" value="5c7fccba-a37c-42fc-bfd9-651d0bb9403f"/>
<objectids-entry key="Default zone¤SE¤Student_Engagement_NL" objectid="51" type="ACTION" value="dd021960-3931-4e76-9b54-b8805722f99c"/>
<objectids-entry key="Default zone¤SE¤Student_Engagement_NL" objectid="52" type="BASIC_LOGICAL_CONTAINER" value="0c3f7bc4-912d-4eae-9a47-7923da3490d0"/>
<objectids-entry key="Default zone¤SE¤Student_Engagement_NL" objectid="53" type="HTTP_PAGE" value="46f87788-a1c9-4036-90be-dda1b146e60d"/>
<objectids-entry key="Default zone¤SE¤Student_Engagement_NL" objectid="54" type="ACTION" value="23a6ed41-d0ef-4491-a156-77be79197ead"/>
<objectids-entry key="Default zone¤SE¤Student_Engagement_NL" objectid="55" type="ACTION" value="f7dbce5d-e167-4664-86cd-f8c8eb1afd94"/>
<objectids-entry key="Default zone¤SE¤Student_Engagement_NL" objectid="56" type="ACTION" value="eb4b5392-77c4-4849-afbf-3a079e10ea03"/>
<objectids-entry key="Default zone¤SE¤Student_Engagement_NL" objectid="57" type="ACTION" value="96a08a8d-4a8b-4792-b51c-d69ea46a1a26"/>
<objectids-entry key="Default zone¤SE¤Student_Engagement_NL" objectid="58" type="ACTION" value="22390f41-cf23-40b7-90f7-ca964faf8875"/>
<objectids-entry key="Default zone¤SE¤Student_Engagement_NL" objectid="59" type="ACTION" value="3d4ea71b-8284-4185-9c67-96649b6b4bbf"/>
<objectids-entry key="Default zone¤SE¤Student_Engagement_NL" objectid="60" type="HTTP_PAGE" value="932ecda2-638b-42d7-8859-b5d2611e4d4e"/>
<objectids-entry key="Default zone¤SE¤Student_Engagement_NL" objectid="61" type="ACTION" value="3f2d9e97-11b1-4117-a729-6a82fcb4f391"/>
<objectids-entry key="Default zone¤SE¤Student_Engagement_NL" objectid="62" type="ACTION" value="67870ff8-0f08-4f3c-a069-4174ddb2e60b"/>
<objectids-entry key="Default zone¤SE¤Student_Engagement_NL" objectid="63" type="HTTP_PAGE" value="de45d356-59dc-4309-b355-88b85e09cef3"/>
<objectids-entry key="Default zone¤SE¤Student_Engagement_NL" objectid="64" type="ACTION" value="05474b00-c56e-4b42-bc31-2da7638578b6"/>
<objectids-entry key="Default zone¤SE¤Student_Engagement_NL" objectid="65" type="IF" value="4cc8f200-aead-4014-ae2c-11fcc71acfa3"/>
<objectids-entry key="Default zone¤SE¤Student_Engagement_NL" objectid="66" type="BASIC_LOGICAL_CONTAINER" value="$parent=4cc8f200-aead-4014-ae2c-11fcc71acfa3;$index=0"/>
<objectids-entry key="Default zone¤SE¤Student_Engagement_NL" objectid="67" type="HTTP_PAGE" value="7141f5d6-2051-4332-b0bb-051186e569db"/>
<objectids-entry key="Default zone¤SE¤Student_Engagement_NL" objectid="68" type="ACTION" value="90bb82e5-4e19-43bd-b86b-53b09f65537d"/>
<objectids-entry key="Default zone¤SE¤Student_Engagement_NL" objectid="69" type="ACTION" value="419e4f71-2919-4f61-95dc-4832899aa486"/>
<objectids-entry key="Default zone¤SE¤Student_Engagement_NL" objectid="70" type="ACTION" value="33417b24-6971-4bfa-bbad-f930a8c08a89"/>
<objectids-entry key="Default zone¤SE¤Student_Engagement_NL" objectid="71" type="ACTION" value="50ef850a-7145-4906-a8a7-18c1e5cbffb9"/>
<objectids-entry key="Default zone¤SE¤Student_Engagement_NL" objectid="72" type="ACTION" value="0403e033-fce9-4703-bfa9-d2d1f9804dc5"/>
<objectids-entry key="Default zone¤SE¤Student_Engagement_NL" objectid="73" type="ACTION" value="e18e8fd9-23b9-44d4-ab22-b35ba1de8f03"/>
<objectids-entry key="Default zone¤SE¤Student_Engagement_NL" objectid="74" type="ACTION" value="e2e15035-0ad1-47c1-a4a0-0092eea4d897"/>
<objectids-entry key="Default zone¤SE¤Student_Engagement_NL" objectid="75" type="ACTION" value="fffe9a7d-a04e-473f-a6f3-14a033d889e7"/>
<objectids-entry key="Default zone¤SE¤Student_Engagement_NL" objectid="76" type="ACTION" value="f2790b1d-79a0-4254-ade7-3858d038153c"/>
<objectids-entry key="Default zone¤SE¤Student_Engagement_NL" objectid="77" type="ACTION" value="8792c991-8d94-4683-b2b8-5ea1bcada553"/>
<objectids-entry key="Default zone¤SE¤Student_Engagement_NL" objectid="78" type="ACTION" value="382112ea-cc8e-40fd-96f1-fc3114c3b0dd"/>
<objectids-entry key="Default zone¤SE¤Student_Engagement_NL" objectid="79" type="ACTION" value="96a50ed3-303c-4540-93a0-4487cdcddf12"/>
<objectids-entry key="Default zone¤SE¤Student_Engagement_NL" objectid="80" type="ACTION" value="727aa8a8-6851-4bf9-8c91-13281e7c3cb6"/>
<objectids-entry key="Default zone¤SE¤Student_Engagement_NL" objectid="81" type="ACTION" value="665cef9c-d827-46bc-8665-76c24d2b5328"/>
<objectids-entry key="Default zone¤SE¤Student_Engagement_NL" objectid="82" type="ACTION" value="c59519fa-c500-4360-88b4-02986b1cbde9"/>
<objectids-entry key="Default zone¤SE¤Student_Engagement_NL" objectid="83" type="ACTION" value="a20c1ddc-9ba3-4d03-9b44-e56cf7ba97b4"/>
<objectids-entry key="Default zone¤SE¤Student_Engagement_NL" objectid="84" type="ACTION" value="79d73a7b-bd51-4183-a31a-9716ed155959"/>
<objectids-entry key="Default zone¤SE¤Student_Engagement_NL" objectid="85" type="ACTION" value="d3dadc0f-2982-42ac-9d37-0f99e7bd34f8"/>
<objectids-entry key="Default zone¤SE¤Student_Engagement_NL" objectid="86" type="ACTION" value="deb8c9a5-5df3-4f38-b76e-e3bbc845a107"/>
<objectids-entry key="Default zone¤SE¤Student_Engagement_NL" objectid="87" type="ACTION" value="0d6d7921-fba8-461e-829b-36ae6b0170c0"/>
<objectids-entry key="Default zone¤SE¤Student_Engagement_NL" objectid="88" type="ACTION" value="1f648d86-e62a-4994-a149-26a90d94a9a3"/>
<objectids-entry key="Default zone¤SE¤Student_Engagement_NL" objectid="89" type="ACTION" value="5f3eda64-49c4-4e99-9814-fee021ba0ef2"/>
<objectids-entry key="Default zone¤SE¤Student_Engagement_NL" objectid="90" type="ACTION" value="f8ec194b-b78d-4b55-a4d7-6e19159d7c80"/>
<objectids-entry key="Default zone¤SE¤Student_Engagement_NL" objectid="91" type="ACTION" value="322a93fd-8da9-4d10-b7ba-f6dbb1e9a248"/>
<objectids-entry key="Default zone¤SE¤Student_Engagement_NL" objectid="92" type="ACTION" value="1f16c6a3-2d28-4885-a299-3c1974709996"/>
<objectids-entry key="Default zone¤SE¤Student_Engagement_NL" objectid="93" type="ACTION" value="5b689cc1-3ecf-4de4-90ad-08343abd9bb0"/>
<objectids-entry key="Default zone¤SE¤Student_Engagement_NL" objectid="94" type="ACTION" value="b5e53880-4fbb-430e-8aff-1377c5764dc9"/>
<objectids-entry key="Default zone¤SE¤Student_Engagement_NL" objectid="95" type="ACTION" value="4f1d52c9-dfb1-443f-a470-7e806bc39e25"/>
<objectids-entry key="Default zone¤SE¤Student_Engagement_NL" objectid="96" type="ACTION" value="c750f5d0-b761-4b14-86c8-39ae175e5c52"/>
<objectids-entry key="Default zone¤SE¤Student_Engagement_NL" objectid="97" type="ACTION" value="a924e24b-b547-4821-a7cb-11caeb37b8a9"/>
<objectids-entry key="Default zone¤SE¤Student_Engagement_NL" objectid="98" type="ACTION" value="679cf904-4e8a-460d-b828-b529dac11b41"/>
<objectids-entry key="Default zone¤SE¤Student_Engagement_NL" objectid="99" type="ACTION" value="e34412c3-9eaa-4eaa-9833-e21cd2e3731f"/>
<objectids-entry key="Default zone¤SE¤Student_Engagement_NL" objectid="100" type="ACTION" value="3fdc41d6-402d-4732-bf87-df32a1c23b36"/>
<objectids-entry key="Default zone¤SE¤Student_Engagement_NL" objectid="101" type="ACTION" value="87aa2db0-7181-42a3-830f-a0c820901268"/>
<objectids-entry key="Default zone¤SE¤Student_Engagement_NL" objectid="102" type="ACTION" value="bc68595a-32d7-42fd-8a48-7e93ab670cc1"/>
<objectids-entry key="Default zone¤SE¤Student_Engagement_NL" objectid="103" type="ACTION" value="97a1f488-24a8-491e-9109-77bba9e412be"/>
<objectids-entry key="Default zone¤SE¤Student_Engagement_NL" objectid="104" type="ACTION" value="58020d5f-3dc8-41ae-b701-7034e6127f5c"/>
<objectids-entry key="Default zone¤SE¤Student_Engagement_NL" objectid="105" type="ACTION" value="6a68cb9f-d106-4942-a2d2-b3444f9b002c"/>
<objectids-entry key="Default zone¤SE¤Student_Engagement_NL" objectid="106" type="ACTION" value="e1ce388f-a83d-4de8-9e10-e5bdd1f4ef9f"/>
<objectids-entry key="Default zone¤SE¤Student_Engagement_NL" objectid="107" type="ACTION" value="b793bac0-3d47-413e-9398-9432d3cde593"/>
<objectids-entry key="Default zone¤SE¤Student_Engagement_NL" objectid="108" type="ACTION" value="2baa82a1-ea92-4560-8c13-9a8f5df6e494"/>
<objectids-entry key="Default zone¤SE¤Student_Engagement_NL" objectid="109" type="ACTION" value="a04207cc-6f74-4ccd-b040-2935361d83c2"/>
<objectids-entry key="Default zone¤SE¤Student_Engagement_NL" objectid="110" type="ACTION" value="438d4ec8-0832-42d5-b679-3ccff7956f60"/>
<objectids-entry key="Default zone¤SE¤Student_Engagement_NL" objectid="111" type="ACTION" value="70d1393a-f378-4205-a0e4-cbf244be7800"/>
<objectids-entry key="Default zone¤SE¤Student_Engagement_NL" objectid="112" type="ACTION" value="e55740f7-0638-4aa7-85d1-1eac7a7b8386"/>
<objectids-entry key="Default zone¤SE¤Student_Engagement_NL" objectid="113" type="ACTION" value="db2865ce-4cc0-4190-a02f-13d31fb8d9c1"/>
<objectids-entry key="Default zone¤SE¤Student_Engagement_NL" objectid="114" type="ACTION" value="dc2873f7-1244-4780-a9c9-ce6bbf91a130"/>
<objectids-entry key="Default zone¤SE¤Student_Engagement_NL" objectid="115" type="ACTION" value="85861d9b-d078-41c5-87ea-6013520d3a29"/>
<objectids-entry key="Default zone¤SE¤Student_Engagement_NL" objectid="116" type="HTTP_PAGE" value="1169b3a5-fdaa-4f70-bbf1-e05d9fe61067"/>
<objectids-entry key="Default zone¤SE¤Student_Engagement_NL" objectid="117" type="ACTION" value="90cc1112-b9b4-4ef4-b6aa-2f1909754c9e"/>
<objectids-entry key="Default zone¤SE¤Student_Engagement_NL" objectid="118" type="BASIC_LOGICAL_CONTAINER" value="$parent=4cc8f200-aead-4014-ae2c-11fcc71acfa3;$index=1"/>
<objectids-entry key="Default zone¤SE¤Student_Engagement_NL" objectid="119" type="HTTP_PAGE" value="77bd890e-eafb-419a-b3e8-d99f947c6b2e"/>
<objectids-entry key="Default zone¤SE¤Student_Engagement_NL" objectid="120" type="ACTION" value="412c6d0a-f086-4937-8b35-6e2945e539a2"/>
<objectids-entry key="Default zone¤SE¤Student_Engagement_NL" objectid="121" type="ACTION" value="0dc6b3a1-9505-4da3-817f-7abdaf31804a"/>
<objectids-entry key="Default zone¤SE¤Student_Engagement_NL" objectid="122" type="ACTION" value="39ab5fce-7555-4a6e-939c-0edd52f1d13c"/>
<objectids-entry key="Default zone¤SE¤Student_Engagement_NL" objectid="123" type="ACTION" value="319712ad-92da-41ab-a2ec-489c1a2bacb9"/>
<objectids-entry key="Default zone¤SE¤Student_Engagement_NL" objectid="124" type="ACTION" value="5b807d7b-721d-480d-9caf-ce45252afabc"/>
<objectids-entry key="Default zone¤SE¤Student_Engagement_NL" objectid="125" type="ACTION" value="352db0ab-aa24-4a2e-ad06-d58610a6ed08"/>
<objectids-entry key="Default zone¤SE¤Student_Engagement_NL" objectid="126" type="ACTION" value="6d20e0ba-b6c1-4355-8495-be439aef5e7f"/>
<objectids-entry key="Default zone¤SE¤Student_Engagement_NL" objectid="127" type="ACTION" value="d85c9f47-9faf-4141-b02f-2da2e019eb10"/>
<objectids-entry key="Default zone¤SE¤Student_Engagement_NL" objectid="128" type="ACTION" value="afe7f8e0-0d03-4d99-ab7d-903dafba6c45"/>
<objectids-entry key="Default zone¤SE¤Student_Engagement_NL" objectid="129" type="ACTION" value="b04dda2e-2679-4ed0-a6dd-cd01fed80891"/>
<objectids-entry key="Default zone¤SE¤Student_Engagement_NL" objectid="130" type="ACTION" value="ef235ce1-ebb9-4697-a99b-3c54c0f0add2"/>
<objectids-entry key="Default zone¤SE¤Student_Engagement_NL" objectid="131" type="ACTION" value="89a26b85-c0c6-4db4-9d2b-7b41135dcd92"/>
<objectids-entry key="Default zone¤SE¤Student_Engagement_NL" objectid="132" type="ACTION" value="6e5a0b16-b272-405b-b3ec-213ec2c24d07"/>
<objectids-entry key="Default zone¤SE¤Student_Engagement_NL" objectid="133" type="ACTION" value="ff6724d7-a8f8-474f-ad06-20af56161457"/>
<objectids-entry key="Default zone¤SE¤Student_Engagement_NL" objectid="134" type="ACTION" value="8110caaa-d6ad-442c-bde8-25495d6c0e26"/>
<objectids-entry key="Default zone¤SE¤Student_Engagement_NL" objectid="135" type="ACTION" value="ddde5042-47cd-45fd-86cb-b0790f416c2c"/>
<objectids-entry key="Default zone¤SE¤Student_Engagement_NL" objectid="136" type="ACTION" value="0a828c46-2b74-4465-a1ae-24fb0bcea4c5"/>
<objectids-entry key="Default zone¤SE¤Student_Engagement_NL" objectid="137" type="ACTION" value="0767e32c-e4c4-4c4d-80cc-6185a1d53030"/>
<objectids-entry key="Default zone¤SE¤Student_Engagement_NL" objectid="138" type="ACTION" value="0d6b98b5-af47-4d4d-b2e7-2b6f3ec2a37a"/>
<objectids-entry key="Default zone¤SE¤Student_Engagement_NL" objectid="139" type="ACTION" value="443b8a63-4490-424c-8832-a879cf793076"/>
<objectids-entry key="Default zone¤SE¤Student_Engagement_NL" objectid="140" type="ACTION" value="e8528a2a-8758-4c96-bbf2-65aee91c28df"/>
<objectids-entry key="Default zone¤SE¤Student_Engagement_NL" objectid="141" type="ACTION" value="fe6f1cb3-17d5-43e5-8ac3-f7d2e5f68004"/>
<objectids-entry key="Default zone¤SE¤Student_Engagement_NL" objectid="142" type="ACTION" value="17ec6eaa-100c-4468-a081-6e2d4e351054"/>
<objectids-entry key="Default zone¤SE¤Student_Engagement_NL" objectid="143" type="ACTION" value="d5736506-5fdd-4782-84d8-1d4a3ffd70cb"/>
<objectids-entry key="Default zone¤SE¤Student_Engagement_NL" objectid="144" type="ACTION" value="b2fb65c4-5bfa-4cc1-bccc-627c61ee9af8"/>
<objectids-entry key="Default zone¤SE¤Student_Engagement_NL" objectid="145" type="ACTION" value="47a2b337-9414-4f99-adf4-5fd1effe55d4"/>
<objectids-entry key="Default zone¤SE¤Student_Engagement_NL" objectid="146" type="ACTION" value="d4eef990-f7f0-41ff-b51c-6fe0d9f77e38"/>
<objectids-entry key="Default zone¤SE¤Student_Engagement_NL" objectid="147" type="ACTION" value="ad97ebfd-8de6-4c8a-9ef0-12624b616a46"/>
<objectids-entry key="Default zone¤SE¤Student_Engagement_NL" objectid="148" type="ACTION" value="9e73a714-c067-43ce-980f-1ccbc1989849"/>
<objectids-entry key="Default zone¤SE¤Student_Engagement_NL" objectid="149" type="ACTION" value="e39ad3a2-4eed-4f16-b331-3cc91d4ebaa4"/>
<objectids-entry key="Default zone¤SE¤Student_Engagement_NL" objectid="150" type="ACTION" value="82e62e9c-1f0e-4ebb-b94c-9cb5f3c0277b"/>
<objectids-entry key="Default zone¤SE¤Student_Engagement_NL" objectid="151" type="ACTION" value="21d41385-23cc-4227-96b3-5878a1ac710d"/>
<objectids-entry key="Default zone¤SE¤Student_Engagement_NL" objectid="152" type="ACTION" value="bfdcbb1a-cdf4-45df-8dbe-f44701c2c0f2"/>
<objectids-entry key="Default zone¤SE¤Student_Engagement_NL" objectid="153" type="ACTION" value="7d853a63-255f-4301-8794-18b6d6059a02"/>
<objectids-entry key="Default zone¤SE¤Student_Engagement_NL" objectid="154" type="ACTION" value="3968aa53-c96f-4a96-8bde-bc1ef0f7b686"/>
<objectids-entry key="Default zone¤SE¤Student_Engagement_NL" objectid="155" type="ACTION" value="1e5d0693-6263-4445-b5e0-873059460fff"/>
<objectids-entry key="Default zone¤SE¤Student_Engagement_NL" objectid="156" type="ACTION" value="c504bcb4-7129-4b73-82c2-d40c04d41d58"/>
<objectids-entry key="Default zone¤SE¤Student_Engagement_NL" objectid="157" type="ACTION" value="41e5aa61-d319-4102-aad1-c448f2e3f17c"/>
<objectids-entry key="Default zone¤SE¤Student_Engagement_NL" objectid="158" type="ACTION" value="17c22961-36b8-4b28-b573-1932cc00a0a6"/>
<objectids-entry key="Default zone¤SE¤Student_Engagement_NL" objectid="159" type="ACTION" value="5487f5cd-b74d-438d-a078-441e593c3b9b"/>
<objectids-entry key="Default zone¤SE¤Student_Engagement_NL" objectid="160" type="ACTION" value="19a7c4c4-bb9f-4061-9694-7745dd731d67"/>
<objectids-entry key="Default zone¤SE¤Student_Engagement_NL" objectid="161" type="ACTION" value="a34d1fb8-67f9-44eb-8b19-7819f9721c65"/>
<objectids-entry key="Default zone¤SE¤Student_Engagement_NL" objectid="162" type="ACTION" value="ae794ca6-07c2-4b6e-90f1-c85441eb6c61"/>
<objectids-entry key="Default zone¤SE¤Student_Engagement_NL" objectid="163" type="ACTION" value="7f8a7059-5870-4d2b-b4ac-e9f3a1d18187"/>
<objectids-entry key="Default zone¤SE¤Student_Engagement_NL" objectid="164" type="ACTION" value="a9327b60-9f19-45a2-951e-a6012906a8b1"/>
<objectids-entry key="Default zone¤SE¤Student_Engagement_NL" objectid="165" type="ACTION" value="180e98b4-9b4c-4fba-a210-e0de2eec9590"/>
<objectids-entry key="Default zone¤SE¤Student_Engagement_NL" objectid="166" type="ACTION" value="8f0dee2d-e10a-4c81-83d5-a0eb1f095898"/>
<objectids-entry key="Default zone¤SE¤Student_Engagement_NL" objectid="167" type="ACTION" value="fbe470e3-8077-4056-ac4b-266e9128452f"/>
<objectids-entry key="Default zone¤SE¤Student_Engagement_NL" objectid="168" type="HTTP_PAGE" value="720211a3-0f67-40b6-999b-08af7e4be695"/>
<objectids-entry key="Default zone¤SE¤Student_Engagement_NL" objectid="169" type="ACTION" value="318009a9-566d-4f88-b61f-20d4afa9506e"/>
<objectids-entry key="Default zone¤SE¤Student_Engagement_NL" objectid="170" type="ACTION" value="c6481eb6-f7a2-485b-864e-90ecdce36d57"/>
<objectids-entry key="Default zone¤SE¤Student_Engagement_NL" objectid="171" type="ACTION" value="f3a4804f-7bed-4748-9d0c-8082bdbb73e8"/>
<objectids-entry key="Default zone¤SE¤Student_Engagement_NL" objectid="172" type="ACTION" value="32cfe532-6013-4ca8-b4c1-7d95cb2a72b1"/>
<objectids-entry key="Default zone¤SE¤Student_Engagement_NL" objectid="173" type="ACTION" value="b4764593-67cf-4f75-b58f-cd5aec21b018"/>
<objectids-entry key="Default zone¤SE¤Student_Engagement_NL" objectid="174" type="ACTION" value="e93cc165-0eee-4592-928a-b8ce541beec0"/>
<objectids-entry key="Default zone¤SE¤Student_Engagement_NL" objectid="175" type="ACTION" value="8d750d19-18a5-4c3e-a078-69908556d4ce"/>
<objectids-entry key="Default zone¤SE¤Student_Engagement_NL" objectid="176" type="ACTION" value="70249cfc-e371-443a-9ece-66e3317eede5"/>
<objectids-entry key="Default zone¤SE¤Student_Engagement_NL" objectid="177" type="ACTION" value="c5dfe154-5da2-4559-8c4c-7557ac15bd96"/>
<objectids-entry key="Default zone¤SE¤Student_Engagement_NL" objectid="178" type="ACTION" value="2e751bec-7ad8-48c9-b99d-0fe8473a7cb4"/>
<objectids-entry key="Default zone¤SE¤Student_Engagement_NL" objectid="179" type="ACTION" value="4c2a0b00-4c3e-4bf5-b826-c94d6ef2281b"/>
<objectids-entry key="Default zone¤SE¤Student_Engagement_NL" objectid="180" type="ACTION" value="5a75e547-6b42-461f-899f-06903f04a060"/>
<objectids-entry key="Default zone¤SE¤Student_Engagement_NL" objectid="181" type="ACTION" value="e4eebe6b-2b34-4915-ba7f-8e5134c6ebb3"/>
<objectids-entry key="Default zone¤SE¤Student_Engagement_NL" objectid="182" type="ACTION" value="e0118069-fd73-40f0-96a8-a6a544927c79"/>
<objectids-entry key="Default zone¤SE¤Student_Engagement_NL" objectid="183" type="ACTION" value="f1ddabb0-60ba-485b-9e12-e67c628fb41f"/>
<objectids-entry key="Default zone¤SE¤Student_Engagement_NL" objectid="184" type="ACTION" value="8c9dd745-8b67-4cc3-a65a-7b4a9a083e2d"/>
<objectids-entry key="Default zone¤SE¤Student_Engagement_NL" objectid="185" type="ACTION" value="3adf05a7-eaf4-4001-bbc4-ddaa35d05d4a"/>
<objectids-entry key="Default zone¤SE¤Student_Engagement_NL" objectid="186" type="ACTION" value="3bd2b0cc-c643-4bcc-9de2-1d7f24e2e28d"/>
<objectids-entry key="Default zone¤SE¤Student_Engagement_NL" objectid="187" type="ACTION" value="9c95eaec-077f-4961-aef1-7f859c04272d"/>
<objectids-entry key="Default zone¤SE¤Student_Engagement_NL" objectid="188" type="ACTION" value="c10bf55e-23d8-4573-aeae-2cb92d46d503"/>
<objectids-entry key="Default zone¤SE¤Student_Engagement_NL" objectid="189" type="ACTION" value="dccf7d44-a7a6-49ec-a7ac-3594eda21b20"/>
<objectids-entry key="Default zone¤SE¤Student_Engagement_NL" objectid="190" type="ACTION" value="08773503-285c-49b5-a22e-a7a45d2639b0"/>
<objectids-entry key="Default zone¤SE¤Student_Engagement_NL" objectid="191" type="HTTP_PAGE" value="4f0a9083-5a3e-402a-adc3-2a049e027cb4"/>
<objectids-entry key="Default zone¤SE¤Student_Engagement_NL" objectid="192" type="ACTION" value="65b6a253-928d-4da9-8444-cb89b5565735"/>
<objectids-entry key="Default zone¤SE¤Student_Engagement_NL" objectid="193" type="ACTION" value="6635b199-a213-4e38-9a34-b958659755ec"/>
<objectids-entry key="Default zone¤SE¤Student_Engagement_NL" objectid="194" type="ACTION" value="8993986b-52f2-4aa0-8677-d581ad7251b2"/>
<objectids-entry key="Default zone¤SE¤Student_Engagement_NL" objectid="195" type="ACTION" value="e2d6f811-0868-4009-9343-6043dc63bc01"/>
<objectids-entry key="Default zone¤SE¤Student_Engagement_NL" objectid="196" type="ACTION" value="67fedc38-178b-4d60-be42-ddfeece8baa6"/>
<objectids-entry key="Default zone¤SE¤Student_Engagement_NL" objectid="197" type="ACTION" value="62e57d49-00d2-4938-b335-90a4d0bbc625"/>
<objectids-entry key="Default zone¤SE¤Student_Engagement_NL" objectid="198" type="ACTION" value="83a98312-8881-4bb6-a9fb-818a39a70811"/>
<objectids-entry key="Default zone¤SE¤Student_Engagement_NL" objectid="199" type="ACTION" value="2c0ba298-1f68-4aad-8a48-74bd65636504"/>
<objectids-entry key="Default zone¤SE¤Student_Engagement_NL" objectid="200" type="HTTP_PAGE" value="2475fe9e-51ac-4f01-acb9-96aa83022ba7"/>
<objectids-entry key="Default zone¤SE¤Student_Engagement_NL" objectid="201" type="ACTION" value="cc063239-2011-4d8d-aa75-af40b4301b94"/>
<objectids-entry key="Default zone¤SE¤Student_Engagement_NL" objectid="202" type="HTTP_PAGE" value="08159e11-3909-433d-904c-809af0c9a422"/>
<objectids-entry key="Default zone¤SE¤Student_Engagement_NL" objectid="203" type="ACTION" value="07d46f62-1f3e-4d18-bc21-0fb96d6edc5d"/>
<objectids-entry key="Default zone¤SE¤Student_Engagement_NL" objectid="204" type="ACTION" value="7fc4dae0-0d06-4638-97d7-d52ec83a7f67"/>
<objectids-entry key="Default zone¤SE¤Student_Engagement_NL" objectid="205" type="ACTION" value="3e46aa5d-bbd6-4291-bbbd-74399892b2e1"/>
<objectids-entry key="Default zone¤SE¤Student_Engagement_NL" objectid="206" type="ACTION" value="cf73ab26-1882-482d-9adb-597fc83d67ea"/>
<objectids-entry key="Default zone¤SE¤Student_Engagement_NL" objectid="207" type="ACTION" value="e96408fb-5257-4e83-ae69-2aa9bbc88b52"/>
<objectids-entry key="Default zone¤SE¤Student_Engagement_NL" objectid="208" type="ACTION" value="7e339238-4974-4bcc-8290-6326ada8ee4e"/>
<objectids-entry key="Default zone¤SE¤Student_Engagement_NL" objectid="209" type="ACTION" value="984c57dc-e7d5-4d3b-91ba-41f893b7ca55"/>
<objectids-entry key="Default zone¤SE¤Student_Engagement_NL" objectid="210" type="HTTP_PAGE" value="c4cd3e1a-1ada-4f3a-a95b-ba93cdc7af2c"/>
<objectids-entry key="Default zone¤SE¤Student_Engagement_NL" objectid="211" type="ACTION" value="b9e0698c-52f3-4384-a33d-fa7f04f4a080"/>
<objectids-entry key="Default zone¤SE¤Student_Engagement_NL" objectid="212" type="HTTP_PAGE" value="80e999a0-2696-4661-b51f-6328a64854ac"/>
<objectids-entry key="Default zone¤SE¤Student_Engagement_NL" objectid="213" type="ACTION" value="20f9da6e-afec-4b21-a9b0-ca0bc63425d4"/>
<objectids-entry key="Default zone¤SE¤Student_Engagement_NL" objectid="214" type="BASIC_LOGICAL_CONTAINER" value="e04e5951-ce02-43b1-993e-ea4c70e4f93d"/>
<objectids-entry key="Default zone¤SE¤Student_Engagement_NL" objectid="215" type="HTTP_PAGE" value="66a13b06-3c68-46c4-9264-75b165615f0d"/>
<objectids-entry key="Default zone¤SE¤Student_Engagement_NL" objectid="216" type="ACTION" value="c82547f4-83ce-461d-a4a5-34fff33cfd69"/>
<objectids-entry key="Default zone¤SE¤Student_Engagement_NL" objectid="217" type="ACTION" value="09e1a368-ec5e-400d-9e71-1ec33ea25a69"/>
<objectids-entry key="Default zone¤SE¤Student_Engagement_NL" objectid="218" type="ACTION" value="112138f1-80ae-45f5-bd45-52bbdbec0c9b"/>
<objectids-entry key="Default zone¤SE¤Student_Engagement_NL" objectid="219" type="ACTION" value="577f03a9-c435-47e5-a372-2cb0b249432c"/>
<objectids-entry key="Default zone¤SE¤Student_Engagement_NL" objectid="220" type="ACTION" value="036633de-66f4-4358-8620-03caa4c24848"/>
<objectids-entry key="Default zone¤SE¤Student_Engagement_NL" objectid="221" type="ACTION" value="3878ecc7-a81e-48f8-9d5d-c43878544df8"/>
<objectids-entry key="Default zone¤SE¤Student_Engagement_NL" objectid="222" type="ACTION" value="61d87dc7-b437-474d-98da-3e6ed8d8cee2"/>
<objectids-entry key="Default zone¤SE¤Student_Engagement_NL" objectid="223" type="ACTION" value="ae6f3568-10f0-4408-856e-fb374ad2f317"/>
<objectids-entry key="Default zone¤SE¤Student_Engagement_NL" objectid="224" type="ACTION" value="58999313-34fe-4b88-a04c-c4e604eeda7e"/>
<objectids-entry key="Default zone¤SE¤Student_Engagement_NL" objectid="225" type="ACTION" value="f61823ba-83c0-48f8-9ae5-3cd1a12808aa"/>
<objectids-entry key="Default zone¤SE¤Student_Engagement_NL" objectid="226" type="ACTION" value="2d52e859-ccd6-4bf5-8bab-bd882800054a"/>
<objectids-entry key="Default zone¤SE¤Student_Engagement_NL" objectid="227" type="ACTION" value="a9d1cada-0338-4ec6-93f1-82a3087d4a9f"/>
<objectids-entry key="Default zone¤SE¤Student_Engagement_NL" objectid="228" type="ACTION" value="178b01b3-2a31-4e32-9cdc-453610e9fa76"/>
<objectids-entry key="Default zone¤SE¤Student_Engagement_NL" objectid="229" type="ACTION" value="6ba76256-2f74-4bc6-929f-c09e985e7f71"/>
<objectids-entry key="Default zone¤SE¤Student_Engagement_NL" objectid="230" type="ACTION" value="38a0de1b-7595-4fac-b17b-ea12f7cd1197"/>
<objectids-entry key="Default zone¤SE¤Student_Engagement_NL" objectid="231" type="ACTION" value="6a3bc62c-3d00-46da-831f-ae95f1a3c4c7"/>
<objectids-entry key="Default zone¤SE¤Student_Engagement_NL" objectid="232" type="HTTP_PAGE" value="13e644d9-80fa-461d-ae0c-619802e11ea4"/>
<objectids-entry key="Default zone¤SE¤Student_Engagement_NL" objectid="233" type="ACTION" value="74b793a0-8433-4cfa-b31d-019d48d82740"/>
<objectids-entry key="Default zone¤SE¤Student_Engagement_NL" objectid="234" type="HTTP_PAGE" value="7632faa0-992a-4da0-9135-179221f5c445"/>
<objectids-entry key="Default zone¤SE¤Student_Engagement_NL" objectid="235" type="ACTION" value="0fa044a6-2683-429f-a7bc-87129e14ff92"/>
<objectids-entry key="Default zone¤SE¤Student_Engagement_NL" objectid="236" type="ACTION" value="43aaae47-2cb2-4bc0-9193-a6a49cf2c37a"/>
<objectids-entry key="Default zone¤SE¤Student_Engagement_NL" objectid="237" type="BASIC_LOGICAL_CONTAINER" value="2412a8ef-27ba-4f71-a9cb-05e6bd3ccad2"/>
<objectids-entry key="Default zone¤SE¤Student_Engagement_NL" objectid="238" type="HTTP_PAGE" value="265a9fdc-59ed-48ad-b297-ef3020510ca7"/>
<objectids-entry key="Default zone¤SE¤Student_Engagement_NL" objectid="239" type="ACTION" value="76ee708b-dbcc-453a-b8e2-6a44ed3f411f"/>
<objectids-entry key="Default zone¤SE¤Student_Engagement_NL" objectid="240" type="ACTION" value="e9e8f129-03f4-46ae-8fc3-c52358468c29"/>
<objectids-entry key="Default zone¤SE¤Student_Engagement_NL" objectid="241" type="ACTION" value="5fe24f5c-4209-4c0f-831c-d2b16b2059db"/>
<objectids-entry key="Default zone¤SE¤Student_Engagement_NL" objectid="242" type="ACTION" value="ea95d80c-1f97-44dd-b861-987b71bbc137"/>
<objectids-entry key="Default zone¤SE¤Student_Engagement_NL" objectid="243" type="ACTION" value="97ff2dde-3410-400d-8825-f7d8dd22b6c2"/>
<objectids-entry key="Default zone¤SE¤Student_Engagement_NL" objectid="244" type="HTTP_PAGE" value="bfd2f0e6-7def-4f44-a02a-0e6906629995"/>
<objectids-entry key="Default zone¤SE¤Student_Engagement_NL" objectid="245" type="ACTION" value="b566b622-a564-426c-8b6d-67792fd8e011"/>
<objectids-entry key="Default zone¤SE¤Student_Engagement_NL" objectid="246" type="HTTP_PAGE" value="f6453a22-9385-4037-84dd-dd0225d69fca"/>
<objectids-entry key="Default zone¤SE¤Student_Engagement_NL" objectid="247" type="ACTION" value="5121637b-607f-4407-8a25-37402b1abec5"/>
<objectids-entry key="Default zone¤SE¤Student_Engagement_NL" objectid="248" type="HTTP_PAGE" value="ced844cd-d06f-4b11-928c-f98253720c89"/>
<objectids-entry key="Default zone¤SE¤Student_Engagement_NL" objectid="249" type="ACTION" value="14c293da-7415-406e-9c47-18eb8c625111"/>
<objectids-entry key="Default zone¤SE¤Student_Engagement_NL" objectid="250" type="HTTP_PAGE" value="442a0c4b-0ba2-4ca0-810f-ed98b1197d3e"/>
<objectids-entry key="Default zone¤SE¤Student_Engagement_NL" objectid="251" type="HTTP_PAGE" value="7d818989-fa63-4185-b9e4-2dae8c3d8394"/>
<objectids-entry key="Default zone¤SE¤Student_Engagement_NL" objectid="252" type="ACTION" value="e39fc4d0-01b8-4b6b-99ca-6a894ab0023a"/>
<objectids-entry key="Default zone¤SE¤Student_Engagement_NL" objectid="253" type="ACTION" value="b024ba12-16ff-45d9-82aa-dcc73a680de3"/>
<objectids-entry key="Default zone¤SE¤Student_Engagement_NL" objectid="254" type="ACTION" value="d1bcd429-835f-4cdc-b447-956fc790435c"/>
<objectids-entry key="Default zone¤SE¤Student_Engagement_NL" objectid="255" type="ACTION" value="754d0634-838c-4bf9-b153-1100bc8d1b43"/>
<objectids-entry key="Default zone¤SE¤Student_Engagement_NL" objectid="256" type="ACTION" value="ea1745b7-eff7-4a06-ba81-86bdccc9ff7d"/>
<objectids-entry key="Default zone¤SE¤Student_Engagement_NL" objectid="257" type="ACTION" value="ecb8d2ac-90f8-4be1-9c34-34735874fed7"/>
<objectids-entry key="Default zone¤SE¤Student_Engagement_NL" objectid="258" type="ACTION" value="07fb93a3-9ce8-44b4-a175-b0d4fdeb2e44"/>
<objectids-entry key="Default zone¤SE¤Student_Engagement_NL" objectid="259" type="ACTION" value="f70d24f2-111a-4e32-9728-22399dc77c7d"/>
<objectids-entry key="Default zone¤SE¤Student_Engagement_NL" objectid="260" type="ACTION" value="8f27975b-4467-4f25-af1b-cacd562755e0"/>
<objectids-entry key="Default zone¤SE¤Student_Engagement_NL" objectid="261" type="ACTION" value="1fe3bb8c-5bab-4b98-ba0b-b2411e1356fa"/>
<objectids-entry key="Default zone¤SE¤Student_Engagement_NL" objectid="262" type="ACTION" value="fe42bec9-c75e-4a9b-b05b-c966b24a4a35"/>
<objectids-entry key="Default zone¤SE¤Student_Engagement_NL" objectid="263" type="ACTION" value="f71b1f81-029a-4c5e-b799-1522677dbed1"/>
<objectids-entry key="Default zone¤SE¤Student_Engagement_NL" objectid="264" type="ACTION" value="1d43a1bd-1650-4e8f-98c3-d85a8906a4c0"/>
<objectids-entry key="Default zone¤SE¤Student_Engagement_NL" objectid="265" type="ACTION" value="c276f16b-82d3-4eba-b70c-829d6f0c7504"/>
<objectids-entry key="Default zone¤SE¤Student_Engagement_NL" objectid="266" type="ACTION" value="e4f59fe4-4245-4223-ba81-5adccf43a1a1"/>
<objectids-entry key="Default zone¤SE¤Student_Engagement_NL" objectid="267" type="HTTP_PAGE" value="afb47781-faae-4bf6-841e-05ffd9cbcdfa"/>
<objectids-entry key="Default zone¤SE¤Student_Engagement_NL" objectid="268" type="ACTION" value="8c10df4e-1a99-4fd4-850d-bce2deef5ba8"/>
<objectids-entry key="Default zone¤SE¤Student_Engagement_NL" objectid="269" type="HTTP_PAGE" value="e1495d9c-9a4a-457e-9156-fbcc9c36d0d3"/>
<objectids-entry key="Default zone¤SE¤Student_Engagement_NL" objectid="270" type="ACTION" value="46b81cfe-7d03-4a40-9c80-85879ecc150e"/>
<objectids-entry key="Default zone¤SE¤Student_Engagement_NL" objectid="271" type="HTTP_PAGE" value="f0311fc7-8673-457e-940d-e44dbdbd0bc7"/>
<objectids-entry key="Default zone¤SE¤Student_Engagement_NL" objectid="272" type="ACTION" value="e749626a-31e8-45f3-8bea-69b62783dc57"/>
<objectids-entry key="Default zone¤SE¤Student_Engagement_NL" objectid="273" type="HTTP_PAGE" value="f2d941f7-1d5c-4ba1-b3f4-120f996721a2"/>
<objectids-entry key="Default zone¤SE¤Student_Engagement_NL" objectid="274" type="ACTION" value="e65b1ff4-8ab4-4c38-8c22-99a6167e4ea0"/>
<objectids-entry key="Default zone¤SE¤Student_Engagement_NL" objectid="275" type="HTTP_PAGE" value="0fa017f8-d970-4448-9b1e-8f3142ff2244"/>
<objectids-entry key="Default zone¤SE¤Student_Engagement_NL" objectid="276" type="ACTION" value="7b608058-bd49-45f9-b965-1116afe12a64"/>
<objectids-entry key="Default zone¤SE¤Student_Engagement_NL" objectid="277" type="ACTION" value="faf9f70b-87c9-4ad2-91b1-e7d3fa537b7b"/>
<objectids-entry key="Default zone¤SE¤Student_Engagement_NL" objectid="278" type="ACTION" value="c6d993b6-999b-4467-96e1-f1161b159f1b"/>
<objectids-entry key="Default zone¤SE¤Student_Engagement_NL" objectid="279" type="ACTION" value="0a4a74e8-370a-497e-bb9b-65674ea02821"/>
<objectids-entry key="Default zone¤SE¤Student_Engagement_NL" objectid="280" type="ACTION" value="42d81d01-ce87-4a65-8d25-cdcd12ef74b3"/>
<objectids-entry key="Default zone¤SE¤Student_Engagement_NL" objectid="281" type="ACTION" value="ebfaa6be-796a-45b0-a8f1-b77b33b6be17"/>
<objectids-entry key="Default zone¤SE¤Student_Engagement_NL" objectid="282" type="ACTION" value="5e7d028f-a2cd-4c41-9372-a59294c77f53"/>
<objectids-entry key="Default zone¤SE¤Student_Engagement_NL" objectid="283" type="ACTION" value="365f8795-72e1-48b4-b683-ff645290d36d"/>
<objectids-entry key="Default zone¤SE¤Student_Engagement_NL" objectid="284" type="ACTION" value="d7e2f511-a9f3-44d0-8cf3-a97412b7bd17"/>
<objectids-entry key="Default zone¤SE¤Student_Engagement_NL" objectid="285" type="ACTION" value="08b5ba27-b8a4-4cc2-96f7-1d6cb5d032d7"/>
<objectids-entry key="Default zone¤SE¤Student_Engagement_NL" objectid="286" type="ACTION" value="f4514a99-649a-4b06-b5b7-61a03d63560c"/>
<objectids-entry key="Default zone¤SE¤Student_Engagement_NL" objectid="287" type="ACTION" value="e74ee708-aee7-4601-aafe-fe56b9bf8c30"/>
<objectids-entry key="Default zone¤SE¤Student_Engagement_NL" objectid="288" type="ACTION" value="c7428ac5-b46b-4ecc-ab1e-4deed996cf07"/>
<objectids-entry key="Default zone¤SE¤Student_Engagement_NL" objectid="289" type="ACTION" value="10207a4f-bf23-4a95-8bac-a2397984c417"/>
<objectids-entry key="Default zone¤SE¤Student_Engagement_NL" objectid="290" type="ACTION" value="d1bfb79f-4ae8-4263-b381-f4511598fc29"/>
<objectids-entry key="Default zone¤SE¤Student_Engagement_NL" objectid="291" type="ACTION" value="97770d97-fe8d-43e2-bcc8-d9c8943be769"/>
<objectids-entry key="Default zone¤SE¤Student_Engagement_NL" objectid="292" type="ACTION" value="623421fc-6996-42f3-9cbc-f066bffea055"/>
<objectids-entry key="Default zone¤SE¤Student_Engagement_NL" objectid="293" type="ACTION" value="ec8dc93d-5802-4167-a7aa-168965fce8b5"/>
<objectids-entry key="Default zone¤SE¤Student_Engagement_NL" objectid="294" type="HTTP_PAGE" value="7c480368-4cc3-4d3f-b770-46064ada90c1"/>
<objectids-entry key="Default zone¤SE¤Student_Engagement_NL" objectid="295" type="ACTION" value="9b0eac09-8d33-4f7c-ba47-c28ec0fe69e0"/>
<objectids-entry key="Default zone¤SE¤Student_Engagement_NL" objectid="296" type="ACTION" value="98a2b959-ddcb-42b8-b325-42ddf7a370e3"/>
<objectids-entry key="Default zone¤SE¤Student_Engagement_NL" objectid="297" type="ACTION" value="b4afa920-6038-4d47-8363-a6da338b0d9d"/>
<objectids-entry key="Default zone¤SE¤Student_Engagement_NL" objectid="298" type="ACTION" value="8bca9ba6-0e4f-4d1c-b050-2d5fad4df643"/>
<objectids-entry key="Default zone¤SE¤Student_Engagement_NL" objectid="299" type="ACTION" value="3df61475-30d1-4491-b007-ae06418829a2"/>
<objectids-entry key="Default zone¤SE¤Student_Engagement_NL" objectid="300" type="ACTION" value="0bc83db4-3498-45b5-b765-f69991c50347"/>
<objectids-entry key="Default zone¤SE¤Student_Engagement_NL" objectid="301" type="BASIC_LOGICAL_CONTAINER" value="f3202381-bb87-4d7d-85cc-9e67d7a40a3f"/>
<objectids-entry key="Default zone¤SE¤Student_Engagement_NL" objectid="302" type="HTTP_PAGE" value="859fdbe9-31a7-47c2-81c3-547c066699b1"/>
<objectids-entry key="Default zone¤SE¤Student_Engagement_NL" objectid="303" type="ACTION" value="4714faeb-cd4a-4d58-929d-e9cb3b514f37"/>
<objectids-entry key="Default zone¤SE¤Student_Engagement_NL" objectid="304" type="ACTION" value="bee0a08c-390d-4f11-986b-0bbf54e8e127"/>
<objectids-entry key="Default zone¤SE¤Student_Engagement_NL" objectid="305" type="ACTION" value="0623f96b-6651-4e06-95c1-fc5e6d16ad07"/>
<objectids-entry key="Default zone¤SE¤Student_Engagement_NL" objectid="306" type="HTTP_PAGE" value="74fb6578-6659-4a31-b2d7-f2f1ec9a8ccb"/>
<objectids-entry key="Default zone¤SE¤Student_Engagement_NL" objectid="307" type="ACTION" value="cd2d39d6-b9c6-42b1-a530-21c887e9dc4f"/>
<objectids-entry key="Default zone¤SE¤Student_Engagement_NL" objectid="308" type="HTTP_PAGE" value="7783cba5-7a74-4629-bccb-7da5892d1b5d"/>
<objectids-entry key="Default zone¤SE¤Student_Engagement_NL" objectid="309" type="ACTION" value="62072b43-d764-4d06-a4e0-edf9581eb0ef"/>
<objectids-entry key="Default zone¤SE¤Student_Engagement_NL" objectid="310" type="ACTION" value="a5f9058e-c070-4cf2-aadc-847ed571758e"/>
<objectids-entry key="Default zone¤SE¤Student_Engagement_NL" objectid="311" type="ACTION" value="4d6f9e46-e1e8-4f5f-9c83-fbb57f1a7feb"/>
<objectids-entry key="Default zone¤SE¤Student_Engagement_NL" objectid="312" type="ACTION" value="e7abbda1-e273-4232-a4b9-dbfb734db216"/>
<objectids-entry key="Default zone¤SE¤Student_Engagement_NL" objectid="313" type="ACTION" value="6acee94f-6235-4ef4-afd6-a133ce6f8e1e"/>
<objectids-entry key="Default zone¤SE¤Student_Engagement_NL" objectid="314" type="ACTION" value="d375a7bd-8f08-4cd5-aea1-b274de04091c"/>
<objectids-entry key="Default zone¤SE¤Student_Engagement_NL" objectid="315" type="ACTION" value="ebac0241-0c99-4582-8e1f-aa14d553e32d"/>
<objectids-entry key="Default zone¤SE¤Student_Engagement_NL" objectid="316" type="ACTION" value="53114de6-b161-4774-89b0-27c3d260acec"/>
<objectids-entry key="Default zone¤SE¤Student_Engagement_NL" objectid="317" type="ACTION" value="b55b3365-2576-4098-8573-956687252e81"/>
<objectids-entry key="Default zone¤SE¤Student_Engagement_NL" objectid="318" type="ACTION" value="ad0f33f0-ceb3-47bd-8a56-7d1b77e7d522"/>
<objectids-entry key="Default zone¤SE¤Student_Engagement_NL" objectid="319" type="ACTION" value="430cf4d8-4e2f-40f8-b142-1d4eaf79d325"/>
<objectids-entry key="Default zone¤SE¤Student_Engagement_NL" objectid="320" type="ACTION" value="fe5504d0-1139-4c5c-be0d-ad2e2cffde46"/>
<objectids-entry key="Default zone¤SE¤Student_Engagement_NL" objectid="321" type="ACTION" value="745b4d27-3e2f-498d-9aad-8a181b8a0468"/>
<objectids-entry key="Default zone¤SE¤Student_Engagement_NL" objectid="322" type="BASIC_LOGICAL_CONTAINER" value="2331b86f-b8a4-4166-a830-d9368b45eca7"/>
<objectids-entry key="Default zone¤SE¤Student_Engagement_NL" objectid="323" type="HTTP_PAGE" value="c696a466-18ad-4249-a289-f4d96f3e2d96"/>
<objectids-entry key="Default zone¤SE¤Student_Engagement_NL" objectid="324" type="ACTION" value="c8602aef-4d04-4287-9e1e-0ad65181d42a"/>
<objectids-entry key="Default zone¤SE¤Student_Engagement_NL" objectid="325" type="HTTP_PAGE" value="cdc537bf-c8f8-4a9d-8445-e97c229a0271"/>
<objectids-entry key="Default zone¤SE¤Student_Engagement_NL" objectid="326" type="ACTION" value="89024223-1a4d-4be3-9d73-d72e2e4ef1cc"/>
<objectids-entry key="Default zone¤SE¤Student_Engagement_NL" objectid="327" type="HTTP_PAGE" value="225034b5-8105-4e5a-975a-5d55df7aeaa3"/>
<objectids-entry key="Default zone¤SE¤Student_Engagement_NL" objectid="328" type="ACTION" value="b86543fa-2f03-4d76-a7b7-28d7a285cebc"/>
<objectids-entry key="Default zone¤SE¤Student_Engagement_NL" objectid="329" type="ACTION" value="62b52f10-7d9b-4b2c-8c7c-a3f1e729a037"/>
<objectids-entry key="Default zone¤SE¤Student_Engagement_NL" objectid="330" type="ACTION" value="d7f780e0-56fc-4bfc-816a-64ee687e6a0a"/>
<objectids-entry key="Default zone¤SE¤Student_Engagement_NL" objectid="331" type="HTTP_PAGE" value="0c233c0e-9ec0-42a1-9526-3ebcb5e06c7d"/>
<objectids-entry key="Default zone¤SE¤Student_Engagement_NL" objectid="332" type="ACTION" value="4dbd50f6-0253-4a46-93da-8443926028f6"/>
<objectids-entry key="Default zone¤SE¤Student_Engagement_NL" objectid="333" type="ACTION" value="2a0c02fb-01be-4354-8626-9e21f2ed402e"/>
<objectids-entry key="Default zone¤SE¤Student_Engagement_NL" objectid="334" type="ACTION" value="2796d8b5-5b71-4eed-af99-23685d6a322c"/>
<objectids-entry key="Default zone¤SE¤Student_Engagement_NL" objectid="335" type="ACTION" value="7911d592-05c9-4e65-be65-3954fa9db6ba"/>
<objectids-entry key="Default zone¤SE¤Student_Engagement_NL" objectid="336" type="ACTION" value="a98e3322-9356-4fbc-9187-26ff2d8e1bba"/>
<objectids-entry key="Default zone¤SE¤Student_Engagement_NL" objectid="337" type="ACTION" value="ac465682-1a52-43dd-a171-46427980119c"/>
<objectids-entry key="Default zone¤SE¤Student_Engagement_NL" objectid="338" type="ACTION" value="a6d09051-f3fe-46a9-bb30-824e2037ad28"/>
<objectids-entry key="Default zone¤SE¤Student_Engagement_NL" objectid="339" type="ACTION" value="209409e4-5933-46d0-a7e9-e59636b94f56"/>
<objectids-entry key="Default zone¤SE¤Student_Engagement_NL" objectid="340" type="ACTION" value="f5a51d73-f0df-4f4b-b822-f440482969d5"/>
<objectids-entry key="Default zone¤SE¤Student_Engagement_NL" objectid="341" type="ACTION" value="0da867ef-8054-4314-bf58-059f2d23da8f"/>
<objectids-entry key="Default zone¤SE¤Student_Engagement_NL" objectid="342" type="HTTP_PAGE" value="4aede9b5-8308-42ee-b691-27cba4504433"/>
<objectids-entry key="Default zone¤SE¤Student_Engagement_NL" objectid="343" type="ACTION" value="71132537-ebf9-43cb-b34e-f9251b6ae731"/>
<objectids-entry key="Default zone¤SE¤Student_Engagement_NL" objectid="344" type="ACTION" value="386bc4cc-b6e3-4f9f-8ea5-060ca9e466a3"/>
<objectids-entry key="Default zone¤SE¤Student_Engagement_NL" objectid="345" type="ACTION" value="218f3639-7b0e-4153-bf00-d8a62fc55249"/>
<objectids-entry key="Default zone¤SE¤Student_Engagement_NL" objectid="346" type="ACTION" value="ab0775e4-4d86-4714-a22f-d31501bc6ded"/>
<objectids-entry key="Default zone¤SE¤Student_Engagement_NL" objectid="347" type="ACTION" value="b9290e59-7393-46a8-9af7-81fd4f144cfd"/>
<objectids-entry key="Default zone¤SE¤Student_Engagement_NL" objectid="348" type="ACTION" value="65956e53-07b2-4020-960b-9bc2d98cc336"/>
<objectids-entry key="Default zone¤SE¤Student_Engagement_NL" objectid="349" type="ACTION" value="56c93480-2cb1-45a2-b903-6571c3dfd228"/>
<objectids-entry key="Default zone¤SE¤Student_Engagement_NL" objectid="350" type="ACTION" value="55d9c895-65fc-4f1a-9098-eed99c576549"/>
<objectids-entry key="Default zone¤SE¤Student_Engagement_NL" objectid="351" type="HTTP_PAGE" value="6544a3a3-0a69-4585-82ba-d7dc94edc6e6"/>
<objectids-entry key="Default zone¤SE¤Student_Engagement_NL" objectid="352" type="ACTION" value="61eb2260-dae5-4880-a62a-735d2443feb3"/>
<objectids-entry key="Default zone¤SE¤Student_Engagement_NL" objectid="353" type="BASIC_LOGICAL_CONTAINER" value="1d860e61-5828-4871-aae0-62afb0b7d8b7"/>
<objectids-entry key="Default zone¤SE¤Student_Engagement_NL" objectid="354" type="HTTP_PAGE" value="92e36aad-06f3-4324-b750-ef17684e8124"/>
<objectids-entry key="Default zone¤SE¤Student_Engagement_NL" objectid="355" type="ACTION" value="76661f14-2e99-4cbb-9d61-ee5c967ec701"/>
<objectids-entry key="Default zone¤SE¤Student_Engagement_NL" objectid="356" type="ACTION" value="d1dfd127-fbee-4bed-a1fb-aa0aea6130c2"/>
<objectids-entry key="Default zone¤SE¤Student_Engagement_NL" objectid="357" type="ACTION" value="1a40f481-5b85-4859-918a-c995a8394e71"/>
<objectids-entry key="Default zone¤SE¤Student_Engagement_NL" objectid="358" type="HTTP_PAGE" value="c5b5f96e-fb7f-49cc-90f8-fb0691253311"/>
<objectids-entry key="Default zone¤SE¤Student_Engagement_NL" objectid="359" type="ACTION" value="fb204792-b86d-47b6-99c3-9089acc423f7"/>
<objectids-entry key="Default zone¤SE¤Student_Engagement_NL" objectid="360" type="ACTION" value="e948d9da-cbd4-461b-a5d3-4c5225d94ef4"/>
<objectids-entry key="Default zone¤SE¤Student_Engagement_NL" objectid="361" type="ACTION" value="2a78e2fe-afe3-4670-b4de-67e2c390b27e"/>
<objectids-entry key="Default zone¤SE¤Student_Engagement_NL" objectid="362" type="ACTION" value="21849dc1-3c5a-4d20-8f01-cf8bfb8a8005"/>
<objectids-entry key="Default zone¤SE¤Student_Engagement_NL" objectid="363" type="ACTION" value="5c09a107-c2b5-4ea6-954d-dcdf33a00143"/>
<objectids-entry key="Default zone¤SE¤Student_Engagement_NL" objectid="364" type="ACTION" value="d33f60b5-79ac-4b98-be6f-de58a25eb37f"/>
<objectids-entry key="Default zone¤SE¤Student_Engagement_NL" objectid="365" type="ACTION" value="6115698a-676b-463d-9f74-f021b86ba60f"/>
<objectids-entry key="Default zone¤SE¤Student_Engagement_NL" objectid="366" type="HTTP_PAGE" value="60b7149a-e52b-48f1-b568-35e63523791a"/>
<objectids-entry key="Default zone¤SE¤Student_Engagement_NL" objectid="367" type="ACTION" value="3078f236-59d9-4288-bcfd-b1ed5e537b2a"/>
<objectids-entry key="Default zone¤SE¤Student_Engagement_NL" objectid="368" type="ACTION" value="e56d330f-0110-49cc-9699-dcfa427826df"/>
<objectids-entry key="Default zone¤SE¤Student_Engagement_NL" objectid="369" type="ACTION" value="0e2d35f7-c458-4be1-b12d-265811870c98"/>
<objectids-entry key="Default zone¤SE¤Student_Engagement_NL" objectid="370" type="ACTION" value="1c3ef827-68ea-464e-85e7-99e0c8af5b22"/>
<objectids-entry key="Default zone¤SE¤Student_Engagement_NL" objectid="371" type="HTTP_PAGE" value="06ff1211-15f2-4ede-9a93-97884f017fb0"/>
<objectids-entry key="Default zone¤SE¤Student_Engagement_NL" objectid="372" type="ACTION" value="9297f059-b0c2-4898-b533-a3055ba538d7"/>
<objectids-entry key="Default zone¤SE¤Student_Engagement_NL" objectid="373" type="BASIC_LOGICAL_CONTAINER" value="369820cc-f3a5-4d54-8492-a69ff51d77fc"/>
<objectids-entry key="Default zone¤SE¤Student_Engagement_NL" objectid="374" type="HTTP_PAGE" value="72b65743-8897-4686-9457-3eef06c7aa1e"/>
<objectids-entry key="Default zone¤SE¤Student_Engagement_NL" objectid="375" type="ACTION" value="42a3d1bc-9ecf-49f2-90be-9de210b47179"/>
<objectids-entry key="Default zone¤SE¤Student_Engagement_NL" objectid="376" type="ACTION" value="8a6ec69d-c102-4536-9391-d85fdb2334c3"/>
<objectids-entry key="Default zone¤SE¤Student_Engagement_NL" objectid="377" type="HTTP_PAGE" value="f8b24f42-7946-4a23-a46f-3a8cff24b0d0"/>
<objectids-entry key="Default zone¤SE¤Student_Engagement_NL" objectid="378" type="ACTION" value="e883995f-afcd-47de-9eb9-2f05a9fa3112"/>
<objectids-entry key="Default zone¤SE¤Student_Engagement_NL" objectid="379" type="BASIC_LOGICAL_CONTAINER" value="0531f7f3-209c-4057-a9c1-a883c8800dd6"/>
<objectids-entry key="Default zone¤SE¤Student_Engagement_NL" objectid="380" type="HTTP_PAGE" value="ebcbf566-b1d6-4fbc-a8ab-b5413d7e94d1"/>
<objectids-entry key="Default zone¤SE¤Student_Engagement_NL" objectid="381" type="ACTION" value="82034aad-5e68-49b1-aaa3-617180fa85b5"/>
<objectids-entry key="Default zone¤SE¤Student_Engagement_NL" objectid="382" type="HTTP_PAGE" value="3f288e7e-5bc6-4f4d-a53b-723a7e8f18c4"/>
<objectids-entry key="Default zone¤SE¤Student_Engagement_NL" objectid="383" type="ACTION" value="c72cb07b-ce2b-45ee-bb0d-930908dc8c15"/>
<objectids-entry key="Default zone¤SE¤Student_Engagement_NL" objectid="384" type="BASIC_LOGICAL_CONTAINER" value="ac6f0fbd-4cf0-46e2-9d54-b044200caa28"/>
<objectids-entry key="Default zone¤SE¤Student_Engagement_NL" objectid="385" type="HTTP_PAGE" value="fa55e1c7-faca-4f94-a866-aec6663a67b3"/>
<objectids-entry key="Default zone¤SE¤Student_Engagement_NL" objectid="386" type="ACTION" value="b419b09c-6b07-401b-8a65-9ef9de241f96"/>
<objectids-entry key="Default zone¤SE¤Student_Engagement_NL" objectid="387" type="HTTP_PAGE" value="3c7d4740-591e-4700-986b-366b957ac741"/>
<objectids-entry key="Default zone¤SE¤Student_Engagement_NL" objectid="388" type="ACTION" value="9f64099f-720f-4b42-a67d-47fc39f99cca"/>
<objectids-entry key="Default zone¤SE¤Student_Engagement_NL" objectid="389" type="BASIC_LOGICAL_CONTAINER" value="7caee9e0-72ee-485f-8e59-ca304cf1cfa0"/>
<objectids-entry key="Default zone¤SE¤Student_Engagement_NL" objectid="390" type="HTTP_PAGE" value="93a3b6ad-6e25-4f37-8d3a-310c6df6514d"/>
<objectids-entry key="Default zone¤SE¤Student_Engagement_NL" objectid="391" type="ACTION" value="bb026f69-56b9-48c9-8794-d1fa44270d22"/>
<objectids-entry key="Default zone¤SE¤Student_Engagement_NL" objectid="392" type="BASIC_LOGICAL_CONTAINER" value="10c296a8-4c58-40f0-ab44-d6c3394730a8"/>
<objectids-entry key="Default zone¤SE¤Student_Engagement_NL" objectid="393" type="HTTP_PAGE" value="eb38631b-3dc2-46fc-a90e-3b75eb6b5a22"/>
<objectids-entry key="Default zone¤SE¤Student_Engagement_NL" objectid="394" type="ACTION" value="045ffd94-7288-44e4-9505-7685810fc151"/>
<objectids-entry key="Default zone¤SE¤Student_Engagement_NL" objectid="395" type="HTTP_PAGE" value="424b0aeb-1189-461f-b0c8-ef1c7f1562a4"/>
<objectids-entry key="Default zone¤SE¤Student_Engagement_NL" objectid="396" type="ACTION" value="54e5cb70-283d-4739-a82f-7f40005b1767"/>
<objectids-entry key="Default zone¤SE¤Student_Engagement_NL" objectid="397" type="BASIC_LOGICAL_CONTAINER" value="5ed72038-2026-4562-bb4b-15c0fae44e07"/>
<objectids-entry key="Default zone¤SE¤Student_Engagement_NL" objectid="398" type="HTTP_PAGE" value="4fedf7dd-2ce3-46e6-9c9a-4edd9a7a7a8a"/>
<objectids-entry key="Default zone¤SE¤Student_Engagement_NL" objectid="399" type="ACTION" value="a03c664c-be44-4a6b-8643-3543d5773e1d"/>
<objectids-entry key="Default zone¤SE¤Student_Engagement_NL" objectid="400" type="ACTION" value="9467104a-8913-491a-b6d4-248ec6bd45f6"/>
<objectids-entry key="Default zone¤SE¤Student_Engagement_NL" objectid="401" type="ACTION" value="02eed027-001d-4673-bd84-8c0b7d5dbbc8"/>
<objectids-entry key="Default zone¤SE¤Student_Engagement_NL" objectid="402" type="ACTION" value="94106d82-7884-4e77-b873-baa155ba4b64"/>
<objectids-entry key="Default zone¤SE¤Student_Engagement_NL" objectid="403" type="ACTION" value="506304aa-f114-422d-8c58-64f730659d90"/>
<objectids-entry key="Default zone¤SE¤Student_Engagement_NL" objectid="404" type="ACTION" value="1c06c858-4d34-4e78-801e-af2e7e68bd51"/>
<objectids-entry key="Default zone¤SE¤Student_Engagement_NL" objectid="405" type="ACTION" value="1ba9a9b0-f828-42fa-a0f2-bc308a844b26"/>
<objectids-entry key="Default zone¤SE¤Student_Engagement_NL" objectid="406" type="ACTION" value="29cfac72-5a01-42af-88a7-d9c09d937606"/>
<objectids-entry key="Default zone¤SE¤Student_Engagement_NL" objectid="407" type="ACTION" value="012d4503-1f90-4595-8d77-201f364e0ac3"/>
<objectids-entry key="Default zone¤SE¤Student_Engagement_NL" objectid="408" type="HTTP_PAGE" value="9dca45ea-2e1d-4427-8f8f-2da20c48bd81"/>
<objectids-entry key="Default zone¤SE¤Student_Engagement_NL" objectid="409" type="ACTION" value="d02a4bcc-c85f-42f0-9abc-3572c1cb4ae5"/>
<objectids-entry key="Default zone¤SE¤Student_Engagement_NL" objectid="410" type="ACTION" value="05598281-88fa-4256-889a-463ac19c1fcf"/>
<objectids-entry key="Default zone¤SE¤Student_Engagement_NL" objectid="411" type="ACTION" value="1031e53d-c59d-4d6f-9e16-9066c351202e"/>
<objectids-entry key="Default zone¤SE¤Student_Engagement_NL" objectid="412" type="ACTION" value="71b9c780-e004-485c-b592-2b3ccfc6773f"/>
<objectids-entry key="Default zone¤SE¤Student_Engagement_NL" objectid="413" type="HTTP_PAGE" value="31e040da-cc16-44d6-8e48-d5e06141a8c9"/>
<objectids-entry key="Default zone¤SE¤Student_Engagement_NL" objectid="414" type="ACTION" value="f2d8277d-6169-4d1d-ab53-a6d2a0b0f1e7"/>
<objectids-entry key="Default zone¤SE¤Student_Engagement_NL" objectid="415" type="ACTION" value="52e43f86-662f-40f8-ad0d-4de14f2744a5"/>
<objectids-entry key="Default zone¤SE¤Student_Engagement_NL" objectid="416" type="ACTION" value="0bc22777-de6e-4176-80e7-060f71a47e24"/>
<objectids-entry key="Default zone¤SE¤Student_Engagement_NL" objectid="417" type="ACTION" value="140dccd2-5683-4176-bbf9-381d904bed5e"/>
<objectids-entry key="Default zone¤SE¤Student_Engagement_NL" objectid="418" type="ACTION" value="cb50a658-0010-4ecd-88be-2884a03f6166"/>
<objectids-entry key="Default zone¤SE¤Student_Engagement_NL" objectid="419" type="HTTP_PAGE" value="8e81606d-4839-45f7-bffb-6657a4132e3b"/>
<objectids-entry key="Default zone¤SE¤Student_Engagement_NL" objectid="420" type="ACTION" value="26521e80-a3b4-4e47-9c38-b5592bd7c566"/>
<objectids-entry key="Default zone¤SE¤Student_Engagement_NL" objectid="421" type="BASIC_LOGICAL_CONTAINER" value="5ca0c745-d227-4546-bbce-f5e6e25cc01c"/>
<objectids-entry key="Default zone¤SE¤Student_Engagement_NL" objectid="422" type="HTTP_PAGE" value="4600b64c-9b72-47f6-8a7a-4cc3b1b275c2"/>
<objectids-entry key="Default zone¤SE¤Student_Engagement_NL" objectid="423" type="ACTION" value="d01e8dd5-c439-4839-a27d-3e58f60abc33"/>
<objectids-entry key="Default zone¤SE¤Student_Engagement_NL" objectid="424" type="ACTION" value="6cf78c3b-3e41-49b6-b852-4bb2b29bd794"/>
<objectids-entry key="Default zone¤SE¤Student_Engagement_NL" objectid="425" type="ACTION" value="5056d02b-cf94-4169-955f-39e1a251f002"/>
<objectids-entry key="Default zone¤SE¤Student_Engagement_NL" objectid="426" type="ACTION" value="0387c863-58bd-4459-b504-f79c81bcbbda"/>
<objectids-entry key="Default zone¤SE¤Student_Engagement_NL" objectid="427" type="HTTP_PAGE" value="d3683f11-a476-4fe2-a25c-27a03daae575"/>
<objectids-entry key="Default zone¤SE¤Student_Engagement_NL" objectid="428" type="ACTION" value="17c68dc6-b1e1-4ff6-a885-4020487ad62a"/>
<objectids-entry key="Default zone¤SE¤Student_Engagement_NL" objectid="429" type="ACTION" value="cdb3b6d0-47c9-44a3-bb34-e5b56fd0bf4f"/>
<objectids-entry key="Default zone¤SE¤Student_Engagement_NL" objectid="430" type="ACTION" value="19a9248b-ce74-417d-b32e-9db0095dabc6"/>
<objectids-entry key="Default zone¤SE¤Student_Engagement_NL" objectid="431" type="ACTION" value="657cd7e1-7e63-45cf-828b-f4a01d10361b"/>
<objectids-entry key="Default zone¤SE¤Student_Engagement_NL" objectid="432" type="ACTION" value="7f723ac8-bb24-4710-b26c-fc4d28769a16"/>
<objectids-entry key="Default zone¤SE¤Student_Engagement_NL" objectid="433" type="ACTION" value="8e0b0e1c-9792-429f-b2ca-3d0c1bfb71a9"/>
<objectids-entry key="Default zone¤SE¤Student_Engagement_NL" objectid="434" type="HTTP_PAGE" value="a5114ba6-071f-494b-8485-fe1270673497"/>
<objectids-entry key="Default zone¤SE¤Student_Engagement_NL" objectid="435" type="ACTION" value="0ef2dee6-4bab-452e-9159-b1a8d3cc2d7c"/>
<objectids-entry key="Default zone¤SE¤Student_Engagement_NL" objectid="436" type="ACTION" value="1e1787f7-fee3-4d19-b970-73e87999665d"/>
<objectids-entry key="Default zone¤SE¤Student_Engagement_NL" objectid="437" type="ACTION" value="7729c42e-ae43-4983-a122-260cdbbdaec7"/>
<objectids-entry key="Default zone¤SE¤Student_Engagement_NL" objectid="438" type="ACTION" value="08546dcb-bdb7-481d-9628-c95a747f4da9"/>
<objectids-entry key="Default zone¤SE¤Student_Engagement_NL" objectid="439" type="HTTP_PAGE" value="0940e147-68ad-4304-8ad0-72b82f9d727f"/>
<objectids-entry key="Default zone¤SE¤Student_Engagement_NL" objectid="440" type="ACTION" value="98ba3594-07ee-4642-b25a-e3eafcef01a9"/>
<objectids-entry key="Default zone¤SE¤Student_Engagement_NL" objectid="441" type="HTTP_PAGE" value="23ff2b3b-d3bd-41ce-a8af-62a9b1c3203e"/>
<objectids-entry key="Default zone¤SE¤Student_Engagement_NL" objectid="442" type="ACTION" value="2248de60-abde-4f1b-8929-6837eb666804"/>
<objectids-entry key="Default zone¤SE¤Student_Engagement_NL" objectid="443" type="BASIC_LOGICAL_CONTAINER" value="c0720c06-e613-4523-b70a-1307a2659d22"/>
<objectids-entry key="Default zone¤SE¤Student_Engagement_NL" objectid="444" type="HTTP_PAGE" value="43c2fb53-f398-404e-90a5-1db75da14066"/>
<objectids-entry key="Default zone¤SE¤Student_Engagement_NL" objectid="445" type="ACTION" value="2dddb0ab-4cab-4d63-a579-00e55e38910e"/>
<objectids-entry key="Default zone¤SE¤Student_Engagement_NL" objectid="446" type="ACTION" value="edc07b6d-3acc-4d4b-932b-f31d656a35a6"/>
<objectids-entry key="Default zone¤SE¤Student_Engagement_NL" objectid="447" type="ACTION" value="0a7d16cc-eff9-4210-aea9-4423cfc3d2e3"/>
<objectids-entry key="Default zone¤SE¤Student_Engagement_NL" objectid="448" type="ACTION" value="56ff4521-ffa3-4eb7-bd4f-5c6042ce5670"/>
<objectids-entry key="Default zone¤SE¤Student_Engagement_NL" objectid="449" type="HTTP_PAGE" value="2471a39a-eeed-4af1-890c-5645e7107912"/>
<objectids-entry key="Default zone¤SE¤Student_Engagement_NL" objectid="450" type="ACTION" value="b403861c-0d69-42f9-8e1e-1e58bbf6d80e"/>
<objectids-entry key="Default zone¤SE¤Student_Engagement_NL" objectid="451" type="ACTION" value="3a797972-0a3b-4ac7-8818-67e996d15969"/>
<objectids-entry key="Default zone¤SE¤Student_Engagement_NL" objectid="452" type="HTTP_PAGE" value="27749662-409f-4cfd-99b5-8afdeaf6a141"/>
<objectids-entry key="Default zone¤SE¤Student_Engagement_NL" objectid="453" type="ACTION" value="1a7a6007-ebf2-4332-8eb9-03714414f838"/>
<objectids-entry key="Default zone¤SE¤Student_Engagement_NL" objectid="454" type="ACTION" value="65c7c37a-9aef-4713-b05f-d843d03a5306"/>
<objectids-entry key="Default zone¤SE¤Student_Engagement_NL" objectid="455" type="ACTION" value="8f779155-747f-42a1-a381-78407e28eb7a"/>
<objectids-entry key="Default zone¤SE¤Student_Engagement_NL" objectid="456" type="HTTP_PAGE" value="7d8a0b60-e748-4172-9bc6-d2ca5ec36095"/>
<objectids-entry key="Default zone¤SE¤Student_Engagement_NL" objectid="457" type="ACTION" value="b562bc3a-e3d8-45cf-8412-a79d1c1ab9dd"/>
<objectids-entry key="Default zone¤SE¤Student_Engagement_NL" objectid="458" type="BASIC_LOGICAL_CONTAINER" value="$parent=91b24461-cff0-4a1b-bc9d-7883ca74db6d;$index=1"/>
<objectids-entry key="Default zone¤SE¤Student_Engagement_NL" objectid="459" type="BASIC_LOGICAL_CONTAINER" value="37c71451-65ff-417c-bcde-32ca6ade35fa"/>
<objectids-entry key="Default zone¤SE¤Student_Engagement_NL" objectid="460" type="HTTP_PAGE" value="63b0fd77-99d5-4320-888a-d025586c18ff"/>
<objectids-entry key="Default zone¤SE¤Student_Engagement_NL" objectid="461" type="ACTION" value="5f6ccd82-83e0-40d5-a210-49387959b2bf"/>
<objectids-entry key="Default zone¤SE¤Student_Engagement_NL" objectid="462" type="ACTION" value="62052561-28ce-466b-89e2-6e180633d8f7"/>
<objectids-entry key="Default zone¤SE¤Student_Engagement_NL" objectid="463" type="ACTION" value="69c32beb-8c0a-443c-8a72-efa9df2b906b"/>
<objectids-entry key="Default zone¤SE¤Student_Engagement_NL" objectid="464" type="ACTION" value="4bb215a0-180e-401e-94e1-ba6b25b4d911"/>
<objectids-entry key="Default zone¤SE¤Student_Engagement_NL" objectid="465" type="HTTP_PAGE" value="e88408c4-798d-4ed9-84fa-7b3978c0008f"/>
<objectids-entry key="Default zone¤SE¤Student_Engagement_NL" objectid="466" type="ACTION" value="d198ed30-321e-4ded-ae6d-06f54b8624c5"/>
<objectids-entry key="Default zone¤SE¤Student_Engagement_NL" objectid="467" type="ACTION" value="d584588a-611b-46dc-b728-6a6b1e109e68"/>
<objectids-entry key="Default zone¤SE¤Student_Engagement_NL" objectid="468" type="HTTP_PAGE" value="737e5c62-c30c-4525-9e3a-1542837a1905"/>
<objectids-entry key="Default zone¤SE¤Student_Engagement_NL" objectid="469" type="ACTION" value="46c4d0b7-d15e-4ab5-bda5-588d1e3a45df"/>
<objectids-entry key="Default zone¤SE¤Student_Engagement_NL" objectid="470" type="ACTION" value="a222534c-2dd1-4108-98b3-30a6fb24704a"/>
<objectids-entry key="Default zone¤SE¤Student_Engagement_NL" objectid="471" type="ACTION" value="1e4f9aed-6cfb-4e78-8339-84e41c982fcd"/>
<objectids-entry key="Default zone¤SE¤Student_Engagement_NL" objectid="472" type="HTTP_PAGE" value="d47a694f-b2ab-4386-a13a-66f381ae4bfd"/>
<objectids-entry key="Default zone¤SE¤Student_Engagement_NL" objectid="473" type="ACTION" value="372fabd4-4ef7-4e3a-ac1a-1a54c9986523"/>
<objectids-entry key="Default zone¤SE¤Student_Engagement_NL" objectid="474" type="DELAY" value="58654574-3a9e-4447-9ce8-87acc5e86bf9"/>
<objectids-entry key="Default zone¤SE¤Student_Engagement_NL" objectid="475" type="BASIC_LOGICAL_CONTAINER" value="$parent=Student_Engagement_NL;$index=2"/>
<objectids-entry key="¤¤" objectid="476" type="MONITORED_HOST" value="NeoLoad"/>
<objectids-entry key="¤¤" objectid="477" type="MONITORCONNECTION" value="NeoLoad$NeoLoad"/>
<objectids-entry key="¤¤" objectid="478" type="MONITOR" value="NeoLoad$NeoLoad$UserLoad"/>
<objectids-entry key="¤¤" objectid="479" type="MONITOR" value="NeoLoad$NeoLoad$throughput"/>
<objectids-entry key="¤¤" objectid="480" type="MONITOR" value="NeoLoad$NeoLoad$Alerts"/>
<objectids-entry key="¤¤" objectid="481" type="MONITOR" value="NeoLoad$NeoLoad$CriticalAlerts"/>
<objectids-entry key="¤¤" objectid="482" type="MONITOR" value="NeoLoad$NeoLoad$WarningAlerts"/>
<objectids-entry key="¤¤" objectid="483" type="MONITOR" value="NeoLoad$NeoLoad$cpu"/>
<objectids-entry key="¤¤" objectid="484" type="THRESHOLD" value="NeoLoad$NeoLoad$24d6cda3-4526-4f5e-8927-1601beb22845"/>
<objectids-entry key="¤¤" objectid="485" type="MONITOR" value="NeoLoad$NeoLoad$memory"/>
<objectids-entry key="¤¤" objectid="486" type="THRESHOLD" value="NeoLoad$NeoLoad$23d43bd9-4e62-46e0-9b46-caaf17ccf9ef"/>
<objectids-entry key="¤¤" objectid="487" type="MONITOR" value="NeoLoad$NeoLoad$threadcount"/>
<objectids-entry key="¤¤" objectid="488" type="MONITOR" value="NeoLoad$NeoLoad$otcp.NeoLoad"/>
<objectids-entry key="¤¤" objectid="489" type="MONITOR" value="NeoLoad$NeoLoad$tcp.NeoLoad"/>
<objectids-entry key="¤¤" objectid="490" type="MONITOR" value="NeoLoad$NeoLoad$ibytesperinterface~NeoLoad~net0"/>
<objectids-entry key="¤¤" objectid="491" type="MONITOR" value="NeoLoad$NeoLoad$obytesperinterface~NeoLoad~net0"/>
<objectids-entry key="¤¤" objectid="492" type="MONITOR" value="NeoLoad$NeoLoad$ibytesperinterface~NeoLoad~net1"/>
<objectids-entry key="¤¤" objectid="493" type="MONITOR" value="NeoLoad$NeoLoad$obytesperinterface~NeoLoad~net1"/>
<objectids-entry key="¤¤" objectid="494" type="MONITOR" value="NeoLoad$NeoLoad$ibytesperinterface~NeoLoad~eth1"/>
<objectids-entry key="¤¤" objectid="495" type="MONITOR" value="NeoLoad$NeoLoad$obytesperinterface~NeoLoad~eth1"/>
<objectids-entry key="¤¤" objectid="496" type="MONITOR" value="NeoLoad$NeoLoad$ibytesperinterface~NeoLoad~eth10"/>
<objectids-entry key="¤¤" objectid="497" type="MONITOR" value="NeoLoad$NeoLoad$obytesperinterface~NeoLoad~eth10"/>
<objectids-entry key="¤¤" objectid="498" type="MONITOR" value="NeoLoad$NeoLoad$zoneuserload~Default zone"/>
<objectids-entry key="¤¤" objectid="499" type="MONITORED_HOST" value="LG localhost"/>
<objectids-entry key="¤¤" objectid="500" type="MONITORCONNECTION" value="LG localhost$NeoLoad"/>
<objectids-entry key="¤¤" objectid="501" type="MONITOR" value="LG localhost$NeoLoad$lgcpu.localhost"/>
<objectids-entry key="¤¤" objectid="502" type="THRESHOLD" value="LG localhost$NeoLoad$384cc075-ec0c-4dcc-a316-42c4bee3fdef"/>
<objectids-entry key="¤¤" objectid="503" type="MONITOR" value="LG localhost$NeoLoad$lgmemory.localhost"/>
<objectids-entry key="¤¤" objectid="504" type="THRESHOLD" value="LG localhost$NeoLoad$0bb80d83-02dc-49dc-af13-29e3e506a131"/>
<objectids-entry key="¤¤" objectid="505" type="MONITOR" value="LG localhost$NeoLoad$lgthroughput.localhost"/>
<objectids-entry key="¤¤" objectid="506" type="MONITOR" value="LG localhost$NeoLoad$lguserloadperpopulation~localhost"/>
<objectids-entry key="¤¤" objectid="507" type="MONITOR" value="LG localhost$NeoLoad$lgthreadcount.localhost"/>
<objectids-entry key="¤¤" objectid="508" type="MONITOR" value="LG localhost$NeoLoad$lgping.localhost"/>
<objectids-entry key="¤¤" objectid="509" type="MONITOR" value="LG localhost$NeoLoad$lgotcp.localhost"/>
<objectids-entry key="¤¤" objectid="510" type="MONITOR" value="LG localhost$NeoLoad$lgtcp.localhost"/>
<objectids-entry key="¤¤" objectid="511" type="MONITOR" value="LG localhost$NeoLoad$lgibytesperinterface~localhost~net0"/>
<objectids-entry key="¤¤" objectid="512" type="MONITOR" value="LG localhost$NeoLoad$lgobytesperinterface~localhost~net0"/>
<objectids-entry key="¤¤" objectid="513" type="MONITOR" value="LG localhost$NeoLoad$lgibytesperinterface~localhost~net1"/>
<objectids-entry key="¤¤" objectid="514" type="MONITOR" value="LG localhost$NeoLoad$lgobytesperinterface~localhost~net1"/>
<objectids-entry key="¤¤" objectid="515" type="MONITOR" value="LG localhost$NeoLoad$lgibytesperinterface~localhost~eth1"/>
<objectids-entry key="¤¤" objectid="516" type="MONITOR" value="LG localhost$NeoLoad$lgobytesperinterface~localhost~eth1"/>
<objectids-entry key="¤¤" objectid="517" type="MONITOR" value="LG localhost$NeoLoad$lgibytesperinterface~localhost~eth10"/>
<objectids-entry key="¤¤" objectid="518" type="MONITOR" value="LG localhost$NeoLoad$lgobytesperinterface~localhost~eth10"/>
<objectids-entry key="¤¤" objectid="519" type="MONITOR" value="LG localhost$NeoLoad$lguserloadperpopulation~localhost~SE"/>
<objectids-entry key="¤¤" objectid="520" type="MONITOR" value="LG localhost$NeoLoad$lguserloadperpopulation~localhost~SE~Student_Engagement_NL"/>
</objectids-table>
<!--****** DURATION ******-->
<duration value="600103"/>
<!--****** AGGREGATION PERIOD ******-->
<aggregation-period value="1000"/>
<!--****** EXTENDED STATISTICS ******-->
<truncated-mean centered-interval="true" percentage="90"/>
<percentile percentage="50"/>
</project>
