
	<!DOCTYPE project [
		<!ELEMENT project (objectids-table | current-scenario | duration | aggregation-period | truncated-mean | percentile)* >
	
		<!ELEMENT objectids-table (objectids-entry)* >
		<!ELEMENT objectids-entry (#PCDATA)>
		<!ELEMENT duration (#PCDATA)>
		<!ELEMENT truncated-mean (#PCDATA)>
		<!ELEMENT percentile (#PCDATA)>
		<!ELEMENT aggregation-period (#PCDATA)>
		<!ELEMENT current-scenario (#PCDATA)>
		<!ATTLIST duration
		    value CDATA #REQUIRED>
	    <!ATTLIST aggregation-period
		    value CDATA #REQUIRED>
		<!ATTLIST objectids-entry
		    objectid CDATA #REQUIRED
		    type CDATA #REQUIRED
		    value CDATA #REQUIRED
		    key CDATA #REQUIRED>
		<!ATTLIST truncated-mean
		    centered-interval CDATA #REQUIRED
		    percentage CDATA #REQUIRED>
		 <!ATTLIST percentile
		    percentage CDATA #REQUIRED>
	]>


<!--****** RUNTIME PROJECT ******--><project>
<!--****** CURRENT SCENARIO ******-->
<current-scenario>SEPulse</current-scenario>
<!--****** OBJECTIDS ******-->
<objectids-table>
<objectids-entry key="" objectid="0" type="LG_HOST" value="localhost"/>
<objectids-entry key="" objectid="1" type="ZONE" value="Default zone"/>
<objectids-entry key="Default zone¤SE_Reworked¤" objectid="2" type="POPULATION" value="SE_Reworked"/>
<objectids-entry key="Default zone¤SE_Reworked¤StudentEngagement_ReWorked" objectid="3" type="VIRTUAL_USER" value="StudentEngagement_ReWorked"/>
<objectids-entry key="Default zone¤SE_Reworked¤StudentEngagement_ReWorked" objectid="4" type="BASIC_LOGICAL_CONTAINER" value="$parent=StudentEngagement_ReWorked;$index=0"/>
<objectids-entry key="Default zone¤SE_Reworked¤StudentEngagement_ReWorked" objectid="5" type="BASIC_LOGICAL_CONTAINER" value="$parent=StudentEngagement_ReWorked;$index=1"/>
<objectids-entry key="Default zone¤SE_Reworked¤StudentEngagement_ReWorked" objectid="6" type="TRY" value="cc1a6ea0-fc4d-4083-b307-6f005251b91b"/>
<objectids-entry key="Default zone¤SE_Reworked¤StudentEngagement_ReWorked" objectid="7" type="BASIC_LOGICAL_CONTAINER" value="$parent=cc1a6ea0-fc4d-4083-b307-6f005251b91b;$index=0"/>
<objectids-entry key="Default zone¤SE_Reworked¤StudentEngagement_ReWorked" objectid="8" type="BASIC_LOGICAL_CONTAINER" value="d5c21a26-5a41-43ac-8885-b69eba9a5765"/>
<objectids-entry key="Default zone¤SE_Reworked¤StudentEngagement_ReWorked" objectid="9" type="HTTP_PAGE" value="c8b5b1da-f044-42e6-8c2f-973e18c13db2"/>
<objectids-entry key="Default zone¤SE_Reworked¤StudentEngagement_ReWorked" objectid="10" type="ACTION" value="a8fb4463-57d3-4a62-900c-bb2b6a54e25d"/>
<objectids-entry key="Default zone¤SE_Reworked¤StudentEngagement_ReWorked" objectid="11" type="HTTP_PAGE" value="99b48a3b-cfd5-4b31-ac8e-7ea885f61c34"/>
<objectids-entry key="Default zone¤SE_Reworked¤StudentEngagement_ReWorked" objectid="12" type="ACTION" value="3c991a58-2f2e-4196-9100-45e703556776"/>
<objectids-entry key="Default zone¤SE_Reworked¤StudentEngagement_ReWorked" objectid="13" type="ACTION" value="9c60d54e-1cdd-4206-8a90-64479176be56"/>
<objectids-entry key="Default zone¤SE_Reworked¤StudentEngagement_ReWorked" objectid="14" type="HTTP_PAGE" value="5249b531-0464-4668-8603-b07dd1ad5f0b"/>
<objectids-entry key="Default zone¤SE_Reworked¤StudentEngagement_ReWorked" objectid="15" type="ACTION" value="25761e37-a8ff-470c-8547-c086ddc96fbf"/>
<objectids-entry key="Default zone¤SE_Reworked¤StudentEngagement_ReWorked" objectid="16" type="HTTP_PAGE" value="5a785013-e1c3-4bf8-b3ef-78d8f5858bb5"/>
<objectids-entry key="Default zone¤SE_Reworked¤StudentEngagement_ReWorked" objectid="17" type="ACTION" value="4f4749b2-c20f-4e19-a59c-345b96ded120"/>
<objectids-entry key="Default zone¤SE_Reworked¤StudentEngagement_ReWorked" objectid="18" type="BASIC_LOGICAL_CONTAINER" value="27546392-88a3-49c7-abc0-482e4624ff90"/>
<objectids-entry key="Default zone¤SE_Reworked¤StudentEngagement_ReWorked" objectid="19" type="HTTP_PAGE" value="4ded7d40-6d46-47a4-9015-a5ce5262211a"/>
<objectids-entry key="Default zone¤SE_Reworked¤StudentEngagement_ReWorked" objectid="20" type="ACTION" value="e169162c-f71d-44b3-bdff-f048aa4cd9c4"/>
<objectids-entry key="Default zone¤SE_Reworked¤StudentEngagement_ReWorked" objectid="21" type="ACTION" value="9cac061a-c3e5-4165-9a90-afbaf5ccb2b3"/>
<objectids-entry key="Default zone¤SE_Reworked¤StudentEngagement_ReWorked" objectid="22" type="HTTP_PAGE" value="dd34430a-83e3-46b1-aa9d-b7cea80469df"/>
<objectids-entry key="Default zone¤SE_Reworked¤StudentEngagement_ReWorked" objectid="23" type="ACTION" value="4841adb0-802c-4126-b84a-4ff3b431f431"/>
<objectids-entry key="Default zone¤SE_Reworked¤StudentEngagement_ReWorked" objectid="24" type="ACTION" value="7bc9da02-5c82-4d2d-9fb8-c6b0c0264d30"/>
<objectids-entry key="Default zone¤SE_Reworked¤StudentEngagement_ReWorked" objectid="25" type="HTTP_PAGE" value="6c169777-cf2d-4b9d-88ac-e9c0e6efbf2b"/>
<objectids-entry key="Default zone¤SE_Reworked¤StudentEngagement_ReWorked" objectid="26" type="ACTION" value="96482b9f-7a0a-4fe6-aeaf-35ca51231fb3"/>
<objectids-entry key="Default zone¤SE_Reworked¤StudentEngagement_ReWorked" objectid="27" type="HTTP_PAGE" value="33132f3a-adfa-4e54-bb16-eadf76ba6752"/>
<objectids-entry key="Default zone¤SE_Reworked¤StudentEngagement_ReWorked" objectid="28" type="ACTION" value="75a40cb9-f9a4-4edb-9f2c-d7bcf3bd4d96"/>
<objectids-entry key="Default zone¤SE_Reworked¤StudentEngagement_ReWorked" objectid="29" type="ACTION" value="8241f431-b6a7-4174-a06f-f4bbf1441c4e"/>
<objectids-entry key="Default zone¤SE_Reworked¤StudentEngagement_ReWorked" objectid="30" type="HTTP_PAGE" value="5d5f1ed7-e181-4e2f-a818-2487b689d06a"/>
<objectids-entry key="Default zone¤SE_Reworked¤StudentEngagement_ReWorked" objectid="31" type="ACTION" value="198fda52-be72-47e2-94a4-33b49d286f4d"/>
<objectids-entry key="Default zone¤SE_Reworked¤StudentEngagement_ReWorked" objectid="32" type="ACTION" value="b1cc5e5b-661c-4ee9-9fc0-fde77f85d7fc"/>
<objectids-entry key="Default zone¤SE_Reworked¤StudentEngagement_ReWorked" objectid="33" type="HTTP_PAGE" value="204f6b34-f07a-4151-be69-1f01faf092c3"/>
<objectids-entry key="Default zone¤SE_Reworked¤StudentEngagement_ReWorked" objectid="34" type="ACTION" value="a7712467-580d-423b-b878-36146bde7d3f"/>
<objectids-entry key="Default zone¤SE_Reworked¤StudentEngagement_ReWorked" objectid="35" type="ACTION" value="a4ea0988-8572-443d-868f-482b295bcf80"/>
<objectids-entry key="Default zone¤SE_Reworked¤StudentEngagement_ReWorked" objectid="36" type="HTTP_PAGE" value="afd358e7-b814-46e5-8927-dd9aef9b38cc"/>
<objectids-entry key="Default zone¤SE_Reworked¤StudentEngagement_ReWorked" objectid="37" type="ACTION" value="65cad144-c756-44e9-9ff3-e588790c845b"/>
<objectids-entry key="Default zone¤SE_Reworked¤StudentEngagement_ReWorked" objectid="38" type="HTTP_PAGE" value="9e939407-69af-4691-840c-17ce7226ebf0"/>
<objectids-entry key="Default zone¤SE_Reworked¤StudentEngagement_ReWorked" objectid="39" type="ACTION" value="2823e2a4-41b8-444e-b8e3-9975a7489670"/>
<objectids-entry key="Default zone¤SE_Reworked¤StudentEngagement_ReWorked" objectid="40" type="ACTION" value="f8c9587a-eb17-4eca-ad11-7f5f176c6a80"/>
<objectids-entry key="Default zone¤SE_Reworked¤StudentEngagement_ReWorked" objectid="41" type="HTTP_PAGE" value="177923e7-c4d5-49c5-a35b-38d502ee6405"/>
<objectids-entry key="Default zone¤SE_Reworked¤StudentEngagement_ReWorked" objectid="42" type="ACTION" value="b9e0d7d1-5442-4a1e-91de-7ab0840b6897"/>
<objectids-entry key="Default zone¤SE_Reworked¤StudentEngagement_ReWorked" objectid="43" type="ACTION" value="177f69d5-487c-41a7-aeeb-05a97ead60d1"/>
<objectids-entry key="Default zone¤SE_Reworked¤StudentEngagement_ReWorked" objectid="44" type="IF" value="07f073be-bdb3-4646-91e3-d424e77c46c3"/>
<objectids-entry key="Default zone¤SE_Reworked¤StudentEngagement_ReWorked" objectid="45" type="BASIC_LOGICAL_CONTAINER" value="$parent=07f073be-bdb3-4646-91e3-d424e77c46c3;$index=0"/>
<objectids-entry key="Default zone¤SE_Reworked¤StudentEngagement_ReWorked" objectid="46" type="BASIC_LOGICAL_CONTAINER" value="$parent=07f073be-bdb3-4646-91e3-d424e77c46c3;$index=1"/>
<objectids-entry key="Default zone¤SE_Reworked¤StudentEngagement_ReWorked" objectid="47" type="HTTP_PAGE" value="57a1255c-a253-44ec-8a93-d924b7b71ba5"/>
<objectids-entry key="Default zone¤SE_Reworked¤StudentEngagement_ReWorked" objectid="48" type="ACTION" value="38ee1f72-0d04-48d7-820c-9e1267a587b6"/>
<objectids-entry key="Default zone¤SE_Reworked¤StudentEngagement_ReWorked" objectid="49" type="HTTP_PAGE" value="4a6d7847-c089-44e2-a9af-59e992370023"/>
<objectids-entry key="Default zone¤SE_Reworked¤StudentEngagement_ReWorked" objectid="50" type="ACTION" value="c834bcde-4827-404a-9e7f-369657a8a36f"/>
<objectids-entry key="Default zone¤SE_Reworked¤StudentEngagement_ReWorked" objectid="51" type="ACTION" value="3407355f-7a5d-4765-9eb5-2c3fd3c8772d"/>
<objectids-entry key="Default zone¤SE_Reworked¤StudentEngagement_ReWorked" objectid="52" type="BASIC_LOGICAL_CONTAINER" value="fc644af1-ee1b-417b-a898-a86c6c3bd76a"/>
<objectids-entry key="Default zone¤SE_Reworked¤StudentEngagement_ReWorked" objectid="53" type="HTTP_PAGE" value="2b21b186-5b98-495b-8f7a-de087c5eadec"/>
<objectids-entry key="Default zone¤SE_Reworked¤StudentEngagement_ReWorked" objectid="54" type="ACTION" value="3ef3ee23-c3b7-4f7c-a059-64bcaeaff574"/>
<objectids-entry key="Default zone¤SE_Reworked¤StudentEngagement_ReWorked" objectid="55" type="ACTION" value="f01c7819-2a34-4d5b-aeee-8579a88235a8"/>
<objectids-entry key="Default zone¤SE_Reworked¤StudentEngagement_ReWorked" objectid="56" type="HTTP_PAGE" value="dd2ed2ff-2a39-4bd2-9a05-9e19f2ced9ec"/>
<objectids-entry key="Default zone¤SE_Reworked¤StudentEngagement_ReWorked" objectid="57" type="ACTION" value="14d4e252-21c0-4b62-ae2f-f33ed1b519e5"/>
<objectids-entry key="Default zone¤SE_Reworked¤StudentEngagement_ReWorked" objectid="58" type="ACTION" value="24ee95a2-162d-4c8b-926d-18cd20dccdaf"/>
<objectids-entry key="Default zone¤SE_Reworked¤StudentEngagement_ReWorked" objectid="59" type="HTTP_PAGE" value="36539657-c5a1-45ce-8b0d-a6ff6a2df6bd"/>
<objectids-entry key="Default zone¤SE_Reworked¤StudentEngagement_ReWorked" objectid="60" type="ACTION" value="82377716-5acb-4e4d-af02-6268d6dec149"/>
<objectids-entry key="Default zone¤SE_Reworked¤StudentEngagement_ReWorked" objectid="61" type="ACTION" value="e007b318-8cbc-4624-8c89-615b0e54cd13"/>
<objectids-entry key="Default zone¤SE_Reworked¤StudentEngagement_ReWorked" objectid="62" type="BASIC_LOGICAL_CONTAINER" value="00dec257-9e66-4e8a-95bf-3e3130ad56ce"/>
<objectids-entry key="Default zone¤SE_Reworked¤StudentEngagement_ReWorked" objectid="63" type="HTTP_PAGE" value="2e79cf33-6e75-40bb-8fff-465715eddb80"/>
<objectids-entry key="Default zone¤SE_Reworked¤StudentEngagement_ReWorked" objectid="64" type="ACTION" value="d2f6889b-c1d2-41b0-b4f3-c888a8bf5a4f"/>
<objectids-entry key="Default zone¤SE_Reworked¤StudentEngagement_ReWorked" objectid="65" type="HTTP_PAGE" value="decc263c-1c80-40e1-a59e-197b37640f18"/>
<objectids-entry key="Default zone¤SE_Reworked¤StudentEngagement_ReWorked" objectid="66" type="ACTION" value="e4541c7f-5e56-4568-9346-f8b6b7062442"/>
<objectids-entry key="Default zone¤SE_Reworked¤StudentEngagement_ReWorked" objectid="67" type="ACTION" value="d6edf166-07e2-4895-9110-9f2c867e3cf0"/>
<objectids-entry key="Default zone¤SE_Reworked¤StudentEngagement_ReWorked" objectid="68" type="ACTION" value="1e70cd33-16a7-445e-87d2-889234450b16"/>
<objectids-entry key="Default zone¤SE_Reworked¤StudentEngagement_ReWorked" objectid="69" type="ACTION" value="afa1e241-bbbe-4939-81ab-991975335f83"/>
<objectids-entry key="Default zone¤SE_Reworked¤StudentEngagement_ReWorked" objectid="70" type="HTTP_PAGE" value="5922a847-f599-4950-a3fc-03232e5cc347"/>
<objectids-entry key="Default zone¤SE_Reworked¤StudentEngagement_ReWorked" objectid="71" type="ACTION" value="a4568a35-eb7a-4a01-82c2-36c804ec4963"/>
<objectids-entry key="Default zone¤SE_Reworked¤StudentEngagement_ReWorked" objectid="72" type="ACTION" value="edfe6c0c-95d0-4059-bd1d-1a6ea863a3a0"/>
<objectids-entry key="Default zone¤SE_Reworked¤StudentEngagement_ReWorked" objectid="73" type="ACTION" value="bc5c0060-7d25-450e-9914-0bf05e59f808"/>
<objectids-entry key="Default zone¤SE_Reworked¤StudentEngagement_ReWorked" objectid="74" type="ACTION" value="aade9b01-e83b-48c5-9960-f1291901f7fd"/>
<objectids-entry key="Default zone¤SE_Reworked¤StudentEngagement_ReWorked" objectid="75" type="ACTION" value="44f67fd6-b6bf-4cef-ba7f-ef998b325c96"/>
<objectids-entry key="Default zone¤SE_Reworked¤StudentEngagement_ReWorked" objectid="76" type="ACTION" value="746e38f6-b591-4703-b19e-765daf02ae4e"/>
<objectids-entry key="Default zone¤SE_Reworked¤StudentEngagement_ReWorked" objectid="77" type="ACTION" value="86fd7a01-3fbe-4e80-bdbb-c449af23d8b1"/>
<objectids-entry key="Default zone¤SE_Reworked¤StudentEngagement_ReWorked" objectid="78" type="ACTION" value="ba58ef3a-8b90-4c38-b58a-0a028fe64c7c"/>
<objectids-entry key="Default zone¤SE_Reworked¤StudentEngagement_ReWorked" objectid="79" type="ACTION" value="364d533e-28f5-4136-8a01-ff68eab75819"/>
<objectids-entry key="Default zone¤SE_Reworked¤StudentEngagement_ReWorked" objectid="80" type="ACTION" value="122fa925-debc-44a9-b9db-36884c093f9b"/>
<objectids-entry key="Default zone¤SE_Reworked¤StudentEngagement_ReWorked" objectid="81" type="ACTION" value="075f4102-38fe-4a5d-bbe9-6e3912de5864"/>
<objectids-entry key="Default zone¤SE_Reworked¤StudentEngagement_ReWorked" objectid="82" type="ACTION" value="70533708-f97c-4d82-a13c-581e0f0a8a13"/>
<objectids-entry key="Default zone¤SE_Reworked¤StudentEngagement_ReWorked" objectid="83" type="ACTION" value="994ddf6a-fadc-4521-a2dd-abb8f533998f"/>
<objectids-entry key="Default zone¤SE_Reworked¤StudentEngagement_ReWorked" objectid="84" type="ACTION" value="0704070f-e69f-434e-b9e7-91247941934b"/>
<objectids-entry key="Default zone¤SE_Reworked¤StudentEngagement_ReWorked" objectid="85" type="ACTION" value="7487bbdc-dba6-42ab-8e28-16a567a5c0c4"/>
<objectids-entry key="Default zone¤SE_Reworked¤StudentEngagement_ReWorked" objectid="86" type="ACTION" value="87d2a4c4-e3f7-4e97-8545-396722342692"/>
<objectids-entry key="Default zone¤SE_Reworked¤StudentEngagement_ReWorked" objectid="87" type="ACTION" value="c4680b31-fdc7-4877-96ce-93ceb9bdcc4a"/>
<objectids-entry key="Default zone¤SE_Reworked¤StudentEngagement_ReWorked" objectid="88" type="ACTION" value="b43c061d-2c4e-4366-b74f-fc80abbdaacf"/>
<objectids-entry key="Default zone¤SE_Reworked¤StudentEngagement_ReWorked" objectid="89" type="HTTP_PAGE" value="c17eec43-f907-47e4-b37d-458b1203a285"/>
<objectids-entry key="Default zone¤SE_Reworked¤StudentEngagement_ReWorked" objectid="90" type="ACTION" value="99237f90-f424-437c-a673-5893aacf3ba2"/>
<objectids-entry key="Default zone¤SE_Reworked¤StudentEngagement_ReWorked" objectid="91" type="BASIC_LOGICAL_CONTAINER" value="8b519116-ca8a-45bc-bf6b-248d7834fb46"/>
<objectids-entry key="Default zone¤SE_Reworked¤StudentEngagement_ReWorked" objectid="92" type="HTTP_PAGE" value="dd322caf-4bcf-4958-8fbd-32833289741a"/>
<objectids-entry key="Default zone¤SE_Reworked¤StudentEngagement_ReWorked" objectid="93" type="ACTION" value="f14cc9f9-a0ca-473f-a303-800e97aca258"/>
<objectids-entry key="Default zone¤SE_Reworked¤StudentEngagement_ReWorked" objectid="94" type="ACTION" value="2f613f65-27ba-4b9d-a5ca-675d9ee60990"/>
<objectids-entry key="Default zone¤SE_Reworked¤StudentEngagement_ReWorked" objectid="95" type="ACTION" value="4f1a12a6-346b-4739-ba61-fae5af79185d"/>
<objectids-entry key="Default zone¤SE_Reworked¤StudentEngagement_ReWorked" objectid="96" type="HTTP_PAGE" value="f0dfbff7-c89e-47d5-bc00-52d5f8316c8a"/>
<objectids-entry key="Default zone¤SE_Reworked¤StudentEngagement_ReWorked" objectid="97" type="ACTION" value="362d19d3-77c5-494c-aa6b-81c5ccffe3ac"/>
<objectids-entry key="Default zone¤SE_Reworked¤StudentEngagement_ReWorked" objectid="98" type="HTTP_PAGE" value="a51cf265-9091-4970-96f7-f55bed9fde15"/>
<objectids-entry key="Default zone¤SE_Reworked¤StudentEngagement_ReWorked" objectid="99" type="ACTION" value="a5f4e700-e453-49af-a308-68d129659f0b"/>
<objectids-entry key="Default zone¤SE_Reworked¤StudentEngagement_ReWorked" objectid="100" type="HTTP_PAGE" value="475f69e8-1845-4bd9-b4b4-b9a143855878"/>
<objectids-entry key="Default zone¤SE_Reworked¤StudentEngagement_ReWorked" objectid="101" type="ACTION" value="98e15d36-004e-45c3-a2fe-ba1d2a64781d"/>
<objectids-entry key="Default zone¤SE_Reworked¤StudentEngagement_ReWorked" objectid="102" type="HTTP_PAGE" value="7b544443-2f75-489f-9fe7-df2179022279"/>
<objectids-entry key="Default zone¤SE_Reworked¤StudentEngagement_ReWorked" objectid="103" type="ACTION" value="27f1eb2c-8e2d-4b66-8e5f-655a104cbb89"/>
<objectids-entry key="Default zone¤SE_Reworked¤StudentEngagement_ReWorked" objectid="104" type="HTTP_PAGE" value="0c230771-03ff-4a7a-861c-e90c430109ed"/>
<objectids-entry key="Default zone¤SE_Reworked¤StudentEngagement_ReWorked" objectid="105" type="ACTION" value="5783dd96-faa2-40ea-895a-6c1fee752ac3"/>
<objectids-entry key="Default zone¤SE_Reworked¤StudentEngagement_ReWorked" objectid="106" type="HTTP_PAGE" value="67dcee20-118c-487b-90dc-ac08a931afe0"/>
<objectids-entry key="Default zone¤SE_Reworked¤StudentEngagement_ReWorked" objectid="107" type="ACTION" value="7e142521-c472-4f11-a032-bf68ce25ded7"/>
<objectids-entry key="Default zone¤SE_Reworked¤StudentEngagement_ReWorked" objectid="108" type="BASIC_LOGICAL_CONTAINER" value="c8d0ab0e-892d-4124-b056-6c1157622341"/>
<objectids-entry key="Default zone¤SE_Reworked¤StudentEngagement_ReWorked" objectid="109" type="HTTP_PAGE" value="cd1d93eb-33ab-4426-9ea3-8842e019f2b3"/>
<objectids-entry key="Default zone¤SE_Reworked¤StudentEngagement_ReWorked" objectid="110" type="ACTION" value="75610452-d72a-43ba-81a8-2c5d5965a847"/>
<objectids-entry key="Default zone¤SE_Reworked¤StudentEngagement_ReWorked" objectid="111" type="ACTION" value="291479ca-364d-4ea3-86ce-dff1d1eec239"/>
<objectids-entry key="Default zone¤SE_Reworked¤StudentEngagement_ReWorked" objectid="112" type="HTTP_PAGE" value="230602ee-61ea-4613-812e-2f4b116cc417"/>
<objectids-entry key="Default zone¤SE_Reworked¤StudentEngagement_ReWorked" objectid="113" type="ACTION" value="b696a0ee-c18a-45f6-a75c-556fd696865b"/>
<objectids-entry key="Default zone¤SE_Reworked¤StudentEngagement_ReWorked" objectid="114" type="ACTION" value="9253b54c-5a93-4738-bc24-3ca011865058"/>
<objectids-entry key="Default zone¤SE_Reworked¤StudentEngagement_ReWorked" objectid="115" type="ACTION" value="39585a6a-b072-41ee-ba69-2807c3ef731d"/>
<objectids-entry key="Default zone¤SE_Reworked¤StudentEngagement_ReWorked" objectid="116" type="ACTION" value="c02c6b0b-cb7c-4522-b6e8-6c0e0d87ac1b"/>
<objectids-entry key="Default zone¤SE_Reworked¤StudentEngagement_ReWorked" objectid="117" type="HTTP_PAGE" value="22286a2a-6e4d-4300-b9f7-d6ccbba346f1"/>
<objectids-entry key="Default zone¤SE_Reworked¤StudentEngagement_ReWorked" objectid="118" type="ACTION" value="fa16d2f4-48e4-4fb0-9ee6-bb063ec4e4ce"/>
<objectids-entry key="Default zone¤SE_Reworked¤StudentEngagement_ReWorked" objectid="119" type="ACTION" value="97e01cff-4bba-4bd5-967e-f4229e4b0fcc"/>
<objectids-entry key="Default zone¤SE_Reworked¤StudentEngagement_ReWorked" objectid="120" type="ACTION" value="3242c7fa-0dd8-4381-ac0c-21229c975658"/>
<objectids-entry key="Default zone¤SE_Reworked¤StudentEngagement_ReWorked" objectid="121" type="ACTION" value="aaf6bc52-9975-42a7-8fa7-069dee77aba8"/>
<objectids-entry key="Default zone¤SE_Reworked¤StudentEngagement_ReWorked" objectid="122" type="ACTION" value="b93170a1-d801-4d3c-9d19-18d103c639e8"/>
<objectids-entry key="Default zone¤SE_Reworked¤StudentEngagement_ReWorked" objectid="123" type="ACTION" value="1c90fbb1-476c-4390-b3fb-30c1631803c5"/>
<objectids-entry key="Default zone¤SE_Reworked¤StudentEngagement_ReWorked" objectid="124" type="HTTP_PAGE" value="8311b86a-9972-4106-a43f-027f5071254d"/>
<objectids-entry key="Default zone¤SE_Reworked¤StudentEngagement_ReWorked" objectid="125" type="ACTION" value="8e3cc265-25ec-42ed-85a4-89f01bc4cd10"/>
<objectids-entry key="Default zone¤SE_Reworked¤StudentEngagement_ReWorked" objectid="126" type="ACTION" value="f73702d4-7771-4f17-b540-69f91925cec7"/>
<objectids-entry key="Default zone¤SE_Reworked¤StudentEngagement_ReWorked" objectid="127" type="HTTP_PAGE" value="cd7acb8c-cc76-43b8-aa9e-7a3a2ed18512"/>
<objectids-entry key="Default zone¤SE_Reworked¤StudentEngagement_ReWorked" objectid="128" type="ACTION" value="d316f5e3-6fba-4ffc-a38f-fd9776053a93"/>
<objectids-entry key="Default zone¤SE_Reworked¤StudentEngagement_ReWorked" objectid="129" type="ACTION" value="6032a8c6-8be4-4b05-adcd-db8c6fe02dad"/>
<objectids-entry key="Default zone¤SE_Reworked¤StudentEngagement_ReWorked" objectid="130" type="ACTION" value="5f54d052-e6b1-4ba1-8bd7-e4dff56d9159"/>
<objectids-entry key="Default zone¤SE_Reworked¤StudentEngagement_ReWorked" objectid="131" type="HTTP_PAGE" value="6c94ac9e-2a7a-4e41-97f6-29a5bc940ce5"/>
<objectids-entry key="Default zone¤SE_Reworked¤StudentEngagement_ReWorked" objectid="132" type="ACTION" value="711e27ae-dea2-4610-8bf5-848ee4e99698"/>
<objectids-entry key="Default zone¤SE_Reworked¤StudentEngagement_ReWorked" objectid="133" type="BASIC_LOGICAL_CONTAINER" value="4a7b2823-d07f-487b-9189-14237f04d437"/>
<objectids-entry key="Default zone¤SE_Reworked¤StudentEngagement_ReWorked" objectid="134" type="HTTP_PAGE" value="765dc2bc-66d4-4710-bce4-94dd8834ea00"/>
<objectids-entry key="Default zone¤SE_Reworked¤StudentEngagement_ReWorked" objectid="135" type="ACTION" value="e53df62f-81da-4f2f-964a-ab39a04970e7"/>
<objectids-entry key="Default zone¤SE_Reworked¤StudentEngagement_ReWorked" objectid="136" type="ACTION" value="a83c3d77-911c-4f29-8154-ee24c1804bb1"/>
<objectids-entry key="Default zone¤SE_Reworked¤StudentEngagement_ReWorked" objectid="137" type="ACTION" value="a20d5d70-90c1-4daf-b9b2-42707ec9aa72"/>
<objectids-entry key="Default zone¤SE_Reworked¤StudentEngagement_ReWorked" objectid="138" type="ACTION" value="39140ffb-c3f9-4675-b655-df4bd7b24343"/>
<objectids-entry key="Default zone¤SE_Reworked¤StudentEngagement_ReWorked" objectid="139" type="HTTP_PAGE" value="322cedf0-5d72-48b1-a884-97c11a5ed376"/>
<objectids-entry key="Default zone¤SE_Reworked¤StudentEngagement_ReWorked" objectid="140" type="ACTION" value="fbf4e67d-0fdf-47b3-84de-344e5e1c72c1"/>
<objectids-entry key="Default zone¤SE_Reworked¤StudentEngagement_ReWorked" objectid="141" type="ACTION" value="0f938477-ecb9-4f27-92fc-9792af8f68b6"/>
<objectids-entry key="Default zone¤SE_Reworked¤StudentEngagement_ReWorked" objectid="142" type="ACTION" value="3c27810a-b94a-44c2-9cb6-e7bf08df2fb3"/>
<objectids-entry key="Default zone¤SE_Reworked¤StudentEngagement_ReWorked" objectid="143" type="ACTION" value="7294fffd-f543-4b1f-99b2-2e1a9a8af66d"/>
<objectids-entry key="Default zone¤SE_Reworked¤StudentEngagement_ReWorked" objectid="144" type="ACTION" value="8ddfa8c1-981b-4534-9ba8-78c97389e2d6"/>
<objectids-entry key="Default zone¤SE_Reworked¤StudentEngagement_ReWorked" objectid="145" type="ACTION" value="65243f55-fb5e-4b08-abd4-484a439c146a"/>
<objectids-entry key="Default zone¤SE_Reworked¤StudentEngagement_ReWorked" objectid="146" type="ACTION" value="b9891e7b-0d1c-4adb-ace1-fda37be71faa"/>
<objectids-entry key="Default zone¤SE_Reworked¤StudentEngagement_ReWorked" objectid="147" type="ACTION" value="60643691-919d-47fd-aa45-5bbd99b2e846"/>
<objectids-entry key="Default zone¤SE_Reworked¤StudentEngagement_ReWorked" objectid="148" type="HTTP_PAGE" value="6f2e0404-d4ed-4e99-b1d7-b246db46a77c"/>
<objectids-entry key="Default zone¤SE_Reworked¤StudentEngagement_ReWorked" objectid="149" type="ACTION" value="fe67d347-6f70-4506-bd5e-9e420aa4b7b1"/>
<objectids-entry key="Default zone¤SE_Reworked¤StudentEngagement_ReWorked" objectid="150" type="ACTION" value="b6900af2-f4d7-4d19-8012-dfd66506eafd"/>
<objectids-entry key="Default zone¤SE_Reworked¤StudentEngagement_ReWorked" objectid="151" type="ACTION" value="a2e40d5f-10c3-4ca3-a72c-fc91dad8165d"/>
<objectids-entry key="Default zone¤SE_Reworked¤StudentEngagement_ReWorked" objectid="152" type="ACTION" value="eae37b5b-b2b7-4fc2-b423-5347591ef02d"/>
<objectids-entry key="Default zone¤SE_Reworked¤StudentEngagement_ReWorked" objectid="153" type="ACTION" value="2b252d84-b26e-4c57-b99c-9c43a2fa4e0a"/>
<objectids-entry key="Default zone¤SE_Reworked¤StudentEngagement_ReWorked" objectid="154" type="BASIC_LOGICAL_CONTAINER" value="dc7c3088-df71-4efc-ac65-57ed0aae4f61"/>
<objectids-entry key="Default zone¤SE_Reworked¤StudentEngagement_ReWorked" objectid="155" type="HTTP_PAGE" value="e50908e3-bcda-4e64-85ab-75e6548f6bea"/>
<objectids-entry key="Default zone¤SE_Reworked¤StudentEngagement_ReWorked" objectid="156" type="ACTION" value="80181c1f-3745-4ea2-9dc9-d64d3e543492"/>
<objectids-entry key="Default zone¤SE_Reworked¤StudentEngagement_ReWorked" objectid="157" type="BASIC_LOGICAL_CONTAINER" value="ed5c48fe-01d9-48c9-8c96-e7970b468b52"/>
<objectids-entry key="Default zone¤SE_Reworked¤StudentEngagement_ReWorked" objectid="158" type="HTTP_PAGE" value="798f58dc-6098-475c-b753-2033d7682507"/>
<objectids-entry key="Default zone¤SE_Reworked¤StudentEngagement_ReWorked" objectid="159" type="ACTION" value="340b3bdb-40b3-4e58-b071-5ddad8f52936"/>
<objectids-entry key="Default zone¤SE_Reworked¤StudentEngagement_ReWorked" objectid="160" type="ACTION" value="0525b62e-7915-4796-ae13-b6ce4235dd19"/>
<objectids-entry key="Default zone¤SE_Reworked¤StudentEngagement_ReWorked" objectid="161" type="ACTION" value="84b34143-fec8-487b-a5c3-5ccedfae310a"/>
<objectids-entry key="Default zone¤SE_Reworked¤StudentEngagement_ReWorked" objectid="162" type="ACTION" value="26057c8b-6633-46da-9261-faba38ad6ac6"/>
<objectids-entry key="Default zone¤SE_Reworked¤StudentEngagement_ReWorked" objectid="163" type="HTTP_PAGE" value="9967cb5d-6ad7-43cd-a4a3-89fc2b8ce893"/>
<objectids-entry key="Default zone¤SE_Reworked¤StudentEngagement_ReWorked" objectid="164" type="ACTION" value="c71fb307-6fae-4fbe-95f6-c81eb5e1fe9b"/>
<objectids-entry key="Default zone¤SE_Reworked¤StudentEngagement_ReWorked" objectid="165" type="ACTION" value="566c645f-8eed-47ba-80d6-d1bdf60b31bc"/>
<objectids-entry key="Default zone¤SE_Reworked¤StudentEngagement_ReWorked" objectid="166" type="ACTION" value="1ae9b7bf-ec66-42e0-af3e-56c10dbc4c2c"/>
<objectids-entry key="Default zone¤SE_Reworked¤StudentEngagement_ReWorked" objectid="167" type="ACTION" value="fcd19fb8-bb87-4a5f-b516-0c4510b60b4e"/>
<objectids-entry key="Default zone¤SE_Reworked¤StudentEngagement_ReWorked" objectid="168" type="ACTION" value="bc17caf8-40b0-4631-b25c-3a4504db756f"/>
<objectids-entry key="Default zone¤SE_Reworked¤StudentEngagement_ReWorked" objectid="169" type="ACTION" value="bfd93ddb-2f4f-4844-a420-84bbc8145e7b"/>
<objectids-entry key="Default zone¤SE_Reworked¤StudentEngagement_ReWorked" objectid="170" type="ACTION" value="b6756368-fe15-4b76-99d1-b55c8220d800"/>
<objectids-entry key="Default zone¤SE_Reworked¤StudentEngagement_ReWorked" objectid="171" type="ACTION" value="f9beddcb-9ff9-442e-9cb1-6ed55a98d61c"/>
<objectids-entry key="Default zone¤SE_Reworked¤StudentEngagement_ReWorked" objectid="172" type="ACTION" value="71646f18-be8f-4899-a264-0190a45badf1"/>
<objectids-entry key="Default zone¤SE_Reworked¤StudentEngagement_ReWorked" objectid="173" type="ACTION" value="14320641-786f-4f6a-831b-9cbc12d023ae"/>
<objectids-entry key="Default zone¤SE_Reworked¤StudentEngagement_ReWorked" objectid="174" type="BASIC_LOGICAL_CONTAINER" value="eee7d0e3-1716-41c0-a35e-447ff940d00f"/>
<objectids-entry key="Default zone¤SE_Reworked¤StudentEngagement_ReWorked" objectid="175" type="HTTP_PAGE" value="88cc14ce-eb89-4bc8-8fff-e8d749c39b2f"/>
<objectids-entry key="Default zone¤SE_Reworked¤StudentEngagement_ReWorked" objectid="176" type="ACTION" value="e1e4364e-560c-4744-82d5-202846be65bc"/>
<objectids-entry key="Default zone¤SE_Reworked¤StudentEngagement_ReWorked" objectid="177" type="BASIC_LOGICAL_CONTAINER" value="f27c121d-27a5-48e3-9123-f7ba1ad42ee7"/>
<objectids-entry key="Default zone¤SE_Reworked¤StudentEngagement_ReWorked" objectid="178" type="HTTP_PAGE" value="3a7a5be2-12c6-4c91-8546-5d2afd929b9c"/>
<objectids-entry key="Default zone¤SE_Reworked¤StudentEngagement_ReWorked" objectid="179" type="ACTION" value="45b3730e-e7e8-43d5-ac25-38b9eedcdc63"/>
<objectids-entry key="Default zone¤SE_Reworked¤StudentEngagement_ReWorked" objectid="180" type="ACTION" value="69ab8e19-159c-42b6-ab5b-0e017075792e"/>
<objectids-entry key="Default zone¤SE_Reworked¤StudentEngagement_ReWorked" objectid="181" type="BASIC_LOGICAL_CONTAINER" value="b3971856-aa86-4a0f-b6c1-a657f1cf944e"/>
<objectids-entry key="Default zone¤SE_Reworked¤StudentEngagement_ReWorked" objectid="182" type="BASIC_LOGICAL_CONTAINER" value="3ecba6cb-51f4-462a-969e-bc573815785e"/>
<objectids-entry key="Default zone¤SE_Reworked¤StudentEngagement_ReWorked" objectid="183" type="HTTP_PAGE" value="eae2f60e-a18d-46be-bd95-a2e9b992b5e4"/>
<objectids-entry key="Default zone¤SE_Reworked¤StudentEngagement_ReWorked" objectid="184" type="ACTION" value="f04c081f-9a29-46d6-af35-4ef48c8a3c3f"/>
<objectids-entry key="Default zone¤SE_Reworked¤StudentEngagement_ReWorked" objectid="185" type="ACTION" value="de8cf0db-81a7-463c-b7a9-1954c1d9979e"/>
<objectids-entry key="Default zone¤SE_Reworked¤StudentEngagement_ReWorked" objectid="186" type="BASIC_LOGICAL_CONTAINER" value="f131cfda-1846-453a-b4ae-fb86c3d0626b"/>
<objectids-entry key="Default zone¤SE_Reworked¤StudentEngagement_ReWorked" objectid="187" type="HTTP_PAGE" value="9b291c22-eda0-4e65-9180-1f66d4b5038e"/>
<objectids-entry key="Default zone¤SE_Reworked¤StudentEngagement_ReWorked" objectid="188" type="ACTION" value="45e39eee-93ad-49b8-b72c-c40cd55293ed"/>
<objectids-entry key="Default zone¤SE_Reworked¤StudentEngagement_ReWorked" objectid="189" type="BASIC_LOGICAL_CONTAINER" value="3c77752f-c9fa-4bbf-871b-e1803f296e10"/>
<objectids-entry key="Default zone¤SE_Reworked¤StudentEngagement_ReWorked" objectid="190" type="HTTP_PAGE" value="2706b532-0608-4982-aa17-d8044f10ad42"/>
<objectids-entry key="Default zone¤SE_Reworked¤StudentEngagement_ReWorked" objectid="191" type="ACTION" value="65ec928b-1889-48bd-ada6-738eabcf5947"/>
<objectids-entry key="Default zone¤SE_Reworked¤StudentEngagement_ReWorked" objectid="192" type="HTTP_PAGE" value="5876548e-14d0-42e0-802c-0204f037fee0"/>
<objectids-entry key="Default zone¤SE_Reworked¤StudentEngagement_ReWorked" objectid="193" type="ACTION" value="e4a089b1-7079-45bc-a46c-1bb9b58744ee"/>
<objectids-entry key="Default zone¤SE_Reworked¤StudentEngagement_ReWorked" objectid="194" type="BASIC_LOGICAL_CONTAINER" value="63265d4a-bba6-45a2-80aa-610373004efc"/>
<objectids-entry key="Default zone¤SE_Reworked¤StudentEngagement_ReWorked" objectid="195" type="HTTP_PAGE" value="724d897e-44ac-4203-a4b3-2221528bf18f"/>
<objectids-entry key="Default zone¤SE_Reworked¤StudentEngagement_ReWorked" objectid="196" type="ACTION" value="64d66875-f8de-4dca-bedf-5187de44bc8e"/>
<objectids-entry key="Default zone¤SE_Reworked¤StudentEngagement_ReWorked" objectid="197" type="BASIC_LOGICAL_CONTAINER" value="eb531d2f-ecdd-4077-92a2-6a0bc666dbbb"/>
<objectids-entry key="Default zone¤SE_Reworked¤StudentEngagement_ReWorked" objectid="198" type="HTTP_PAGE" value="e4af38a8-4e1f-4044-8838-1da37d0c5bfb"/>
<objectids-entry key="Default zone¤SE_Reworked¤StudentEngagement_ReWorked" objectid="199" type="ACTION" value="9e3171ad-5bec-4b24-a5b9-00fa9c2b998c"/>
<objectids-entry key="Default zone¤SE_Reworked¤StudentEngagement_ReWorked" objectid="200" type="BASIC_LOGICAL_CONTAINER" value="fc9d56bf-541d-41db-92d6-438aa26521e9"/>
<objectids-entry key="Default zone¤SE_Reworked¤StudentEngagement_ReWorked" objectid="201" type="HTTP_PAGE" value="aaba49a3-6f10-4aa0-99bd-138697e59f4f"/>
<objectids-entry key="Default zone¤SE_Reworked¤StudentEngagement_ReWorked" objectid="202" type="ACTION" value="aff637a6-3e1d-464f-985d-3b938ac91f27"/>
<objectids-entry key="Default zone¤SE_Reworked¤StudentEngagement_ReWorked" objectid="203" type="BASIC_LOGICAL_CONTAINER" value="3042c4a6-3f4c-4fdf-b62b-8b32987fb19a"/>
<objectids-entry key="Default zone¤SE_Reworked¤StudentEngagement_ReWorked" objectid="204" type="HTTP_PAGE" value="d5998928-3c89-4848-a04e-baf989cfdc32"/>
<objectids-entry key="Default zone¤SE_Reworked¤StudentEngagement_ReWorked" objectid="205" type="ACTION" value="b2fbe95b-f003-4d27-b226-902ba57057f8"/>
<objectids-entry key="Default zone¤SE_Reworked¤StudentEngagement_ReWorked" objectid="206" type="BASIC_LOGICAL_CONTAINER" value="ad50844c-cb1a-429c-b6ac-003d6015e61e"/>
<objectids-entry key="Default zone¤SE_Reworked¤StudentEngagement_ReWorked" objectid="207" type="HTTP_PAGE" value="e7eeb145-f963-4d31-b312-748528c923cf"/>
<objectids-entry key="Default zone¤SE_Reworked¤StudentEngagement_ReWorked" objectid="208" type="ACTION" value="dd5fc38b-464d-4647-b9d2-0ba3157552c1"/>
<objectids-entry key="Default zone¤SE_Reworked¤StudentEngagement_ReWorked" objectid="209" type="ACTION" value="ecbca90f-5c33-42ca-b216-85f1de7d8fef"/>
<objectids-entry key="Default zone¤SE_Reworked¤StudentEngagement_ReWorked" objectid="210" type="ACTION" value="413cd775-c1cd-4163-97ac-d9967ee9bf91"/>
<objectids-entry key="Default zone¤SE_Reworked¤StudentEngagement_ReWorked" objectid="211" type="ACTION" value="8907919c-13c6-4b06-84e0-2bb83f70f5b6"/>
<objectids-entry key="Default zone¤SE_Reworked¤StudentEngagement_ReWorked" objectid="212" type="HTTP_PAGE" value="0ba829f6-22b5-4f47-9d59-9edc7075eb02"/>
<objectids-entry key="Default zone¤SE_Reworked¤StudentEngagement_ReWorked" objectid="213" type="ACTION" value="60894189-6dbe-4308-8967-362d48d2507c"/>
<objectids-entry key="Default zone¤SE_Reworked¤StudentEngagement_ReWorked" objectid="214" type="ACTION" value="9fd38edc-dea2-4a74-83a7-44dcaaef44a6"/>
<objectids-entry key="Default zone¤SE_Reworked¤StudentEngagement_ReWorked" objectid="215" type="ACTION" value="7db1b0d7-dba5-453a-9e9f-500394e2f756"/>
<objectids-entry key="Default zone¤SE_Reworked¤StudentEngagement_ReWorked" objectid="216" type="ACTION" value="3b61b8ce-a9fc-4051-901c-cf1b33a7b680"/>
<objectids-entry key="Default zone¤SE_Reworked¤StudentEngagement_ReWorked" objectid="217" type="ACTION" value="2f818064-a7e6-4aa6-9306-9800c7701a8b"/>
<objectids-entry key="Default zone¤SE_Reworked¤StudentEngagement_ReWorked" objectid="218" type="ACTION" value="2c125e99-b41d-4d27-8dac-3cc3d6a4fb68"/>
<objectids-entry key="Default zone¤SE_Reworked¤StudentEngagement_ReWorked" objectid="219" type="ACTION" value="8ae58591-3803-4627-9e79-80be0606a04c"/>
<objectids-entry key="Default zone¤SE_Reworked¤StudentEngagement_ReWorked" objectid="220" type="ACTION" value="815c1dd9-9a5c-44e7-8ea3-9f729855673b"/>
<objectids-entry key="Default zone¤SE_Reworked¤StudentEngagement_ReWorked" objectid="221" type="ACTION" value="faa644ea-ad64-4cc5-9705-7f586f880ff9"/>
<objectids-entry key="Default zone¤SE_Reworked¤StudentEngagement_ReWorked" objectid="222" type="ACTION" value="e9de90dd-416f-4ad8-9908-4c457b160724"/>
<objectids-entry key="Default zone¤SE_Reworked¤StudentEngagement_ReWorked" objectid="223" type="BASIC_LOGICAL_CONTAINER" value="c40aea07-9807-4183-b383-35f2a9916895"/>
<objectids-entry key="Default zone¤SE_Reworked¤StudentEngagement_ReWorked" objectid="224" type="HTTP_PAGE" value="ad0b4675-ab83-476d-885d-6b35ea5273b1"/>
<objectids-entry key="Default zone¤SE_Reworked¤StudentEngagement_ReWorked" objectid="225" type="ACTION" value="de5c61fd-565c-4cca-9f44-7fe0ab6f4d72"/>
<objectids-entry key="Default zone¤SE_Reworked¤StudentEngagement_ReWorked" objectid="226" type="ACTION" value="6f8fa55d-431b-4c0c-aa0b-8181cf7f0c6b"/>
<objectids-entry key="Default zone¤SE_Reworked¤StudentEngagement_ReWorked" objectid="227" type="ACTION" value="270b2bb9-fb30-49fa-803f-535579604a73"/>
<objectids-entry key="Default zone¤SE_Reworked¤StudentEngagement_ReWorked" objectid="228" type="ACTION" value="5ba59c97-d6f6-43a5-8120-95cd81c22b32"/>
<objectids-entry key="Default zone¤SE_Reworked¤StudentEngagement_ReWorked" objectid="229" type="ACTION" value="afd17f07-9d5c-433d-9b08-a4dfd1e2f3f3"/>
<objectids-entry key="Default zone¤SE_Reworked¤StudentEngagement_ReWorked" objectid="230" type="ACTION" value="e3535510-d5d1-4b52-874a-d70d17438fda"/>
<objectids-entry key="Default zone¤SE_Reworked¤StudentEngagement_ReWorked" objectid="231" type="ACTION" value="b036fcf2-20a2-4db5-b509-a6324aecef19"/>
<objectids-entry key="Default zone¤SE_Reworked¤StudentEngagement_ReWorked" objectid="232" type="ACTION" value="810be9ac-3b1c-47e9-ba76-612cfe8a359c"/>
<objectids-entry key="Default zone¤SE_Reworked¤StudentEngagement_ReWorked" objectid="233" type="ACTION" value="bd871dcb-77cf-4b6b-a67a-a6bd28d10c37"/>
<objectids-entry key="Default zone¤SE_Reworked¤StudentEngagement_ReWorked" objectid="234" type="ACTION" value="e522b21c-c819-4f13-8444-0d4898b5b67b"/>
<objectids-entry key="Default zone¤SE_Reworked¤StudentEngagement_ReWorked" objectid="235" type="ACTION" value="9053121b-555f-4f58-8a8d-78efb84be127"/>
<objectids-entry key="Default zone¤SE_Reworked¤StudentEngagement_ReWorked" objectid="236" type="ACTION" value="e6e4a1c8-0896-45f1-86de-7f3eaf2286af"/>
<objectids-entry key="Default zone¤SE_Reworked¤StudentEngagement_ReWorked" objectid="237" type="ACTION" value="08fd776b-4361-4f5d-9b93-328cf7191f82"/>
<objectids-entry key="Default zone¤SE_Reworked¤StudentEngagement_ReWorked" objectid="238" type="HTTP_PAGE" value="6ca8eb64-3ab5-4a65-9798-2ebc2f253d05"/>
<objectids-entry key="Default zone¤SE_Reworked¤StudentEngagement_ReWorked" objectid="239" type="ACTION" value="9c3095e0-31a8-45d8-9807-97fa6139b1c4"/>
<objectids-entry key="Default zone¤SE_Reworked¤StudentEngagement_ReWorked" objectid="240" type="BASIC_LOGICAL_CONTAINER" value="e703bf75-1a1f-49cd-9919-ed7ea3380df9"/>
<objectids-entry key="Default zone¤SE_Reworked¤StudentEngagement_ReWorked" objectid="241" type="HTTP_PAGE" value="f28ca6db-575f-4068-a98c-1be3402bf43d"/>
<objectids-entry key="Default zone¤SE_Reworked¤StudentEngagement_ReWorked" objectid="242" type="ACTION" value="52acc970-2c66-4a8f-9c00-8e1690e0aa8e"/>
<objectids-entry key="Default zone¤SE_Reworked¤StudentEngagement_ReWorked" objectid="243" type="BASIC_LOGICAL_CONTAINER" value="a340743a-0ee2-4ec9-8519-c82ad8243063"/>
<objectids-entry key="Default zone¤SE_Reworked¤StudentEngagement_ReWorked" objectid="244" type="HTTP_PAGE" value="a057ab39-f7aa-413c-9ad3-9e16352edd4a"/>
<objectids-entry key="Default zone¤SE_Reworked¤StudentEngagement_ReWorked" objectid="245" type="ACTION" value="4b7e6ff9-54b2-4069-bcf8-90921e21413b"/>
<objectids-entry key="Default zone¤SE_Reworked¤StudentEngagement_ReWorked" objectid="246" type="ACTION" value="e0626b60-ca20-4e67-93f7-fb3cdfab83ba"/>
<objectids-entry key="Default zone¤SE_Reworked¤StudentEngagement_ReWorked" objectid="247" type="ACTION" value="60b6d0fb-5369-4635-a042-0ef107f75165"/>
<objectids-entry key="Default zone¤SE_Reworked¤StudentEngagement_ReWorked" objectid="248" type="ACTION" value="7942c7b7-9fb5-4e90-b8f6-6b027aee9ad9"/>
<objectids-entry key="Default zone¤SE_Reworked¤StudentEngagement_ReWorked" objectid="249" type="ACTION" value="519bae44-b8cc-4b4f-bb22-3b083aca31d5"/>
<objectids-entry key="Default zone¤SE_Reworked¤StudentEngagement_ReWorked" objectid="250" type="HTTP_PAGE" value="a7040574-7b93-4711-9918-56e2e6e60020"/>
<objectids-entry key="Default zone¤SE_Reworked¤StudentEngagement_ReWorked" objectid="251" type="ACTION" value="c1bf8a59-f23c-442c-98ea-222c4beba729"/>
<objectids-entry key="Default zone¤SE_Reworked¤StudentEngagement_ReWorked" objectid="252" type="ACTION" value="6ae8330b-5a97-4ac2-b7b8-7c354bb6979b"/>
<objectids-entry key="Default zone¤SE_Reworked¤StudentEngagement_ReWorked" objectid="253" type="HTTP_PAGE" value="03a5c37a-c6b8-48ea-9cd9-a573ebff1d86"/>
<objectids-entry key="Default zone¤SE_Reworked¤StudentEngagement_ReWorked" objectid="254" type="ACTION" value="7a980e44-c903-4595-903f-3d59d39cc8ae"/>
<objectids-entry key="Default zone¤SE_Reworked¤StudentEngagement_ReWorked" objectid="255" type="HTTP_PAGE" value="dff4d568-a4c8-462b-812d-b3dd7a2f7e38"/>
<objectids-entry key="Default zone¤SE_Reworked¤StudentEngagement_ReWorked" objectid="256" type="ACTION" value="50a2ca65-f6dd-402f-b388-1607e4af7c98"/>
<objectids-entry key="Default zone¤SE_Reworked¤StudentEngagement_ReWorked" objectid="257" type="HTTP_PAGE" value="ba901c26-9eb0-4f36-9b35-96ea9561d2bb"/>
<objectids-entry key="Default zone¤SE_Reworked¤StudentEngagement_ReWorked" objectid="258" type="ACTION" value="6be9d75f-12a5-4f50-a704-295484b5674a"/>
<objectids-entry key="Default zone¤SE_Reworked¤StudentEngagement_ReWorked" objectid="259" type="HTTP_PAGE" value="493bbfe6-fce0-44ea-9d8a-df738e258b8b"/>
<objectids-entry key="Default zone¤SE_Reworked¤StudentEngagement_ReWorked" objectid="260" type="ACTION" value="3362dd58-a8e3-4b23-b59d-6ae84bbbc532"/>
<objectids-entry key="Default zone¤SE_Reworked¤StudentEngagement_ReWorked" objectid="261" type="HTTP_PAGE" value="e56d4d9c-6a2d-4b22-9bdc-f85693b4d53b"/>
<objectids-entry key="Default zone¤SE_Reworked¤StudentEngagement_ReWorked" objectid="262" type="ACTION" value="a0ac6fc2-a6dd-4404-b234-948b94f18774"/>
<objectids-entry key="Default zone¤SE_Reworked¤StudentEngagement_ReWorked" objectid="263" type="BASIC_LOGICAL_CONTAINER" value="$parent=cc1a6ea0-fc4d-4083-b307-6f005251b91b;$index=1"/>
<objectids-entry key="Default zone¤SE_Reworked¤StudentEngagement_ReWorked" objectid="264" type="BASIC_LOGICAL_CONTAINER" value="b0e9432a-5971-442a-ab35-63b4f1783796"/>
<objectids-entry key="Default zone¤SE_Reworked¤StudentEngagement_ReWorked" objectid="265" type="HTTP_PAGE" value="a5955d0d-f5d0-4cb9-95d2-c0789eba8e9d"/>
<objectids-entry key="Default zone¤SE_Reworked¤StudentEngagement_ReWorked" objectid="266" type="ACTION" value="51f0147c-1700-43f4-a3d0-1b1eda129038"/>
<objectids-entry key="Default zone¤SE_Reworked¤StudentEngagement_ReWorked" objectid="267" type="ACTION" value="e1df0c5c-1c6d-4615-876b-a846e0d63398"/>
<objectids-entry key="Default zone¤SE_Reworked¤StudentEngagement_ReWorked" objectid="268" type="ACTION" value="65ef038e-c154-4309-b873-e3ae52b530e9"/>
<objectids-entry key="Default zone¤SE_Reworked¤StudentEngagement_ReWorked" objectid="269" type="ACTION" value="3080ba59-2149-4513-b3b2-d29952473535"/>
<objectids-entry key="Default zone¤SE_Reworked¤StudentEngagement_ReWorked" objectid="270" type="ACTION" value="78c55787-7afa-4e34-b2f9-13f97f699ae7"/>
<objectids-entry key="Default zone¤SE_Reworked¤StudentEngagement_ReWorked" objectid="271" type="HTTP_PAGE" value="c8b38124-9fbc-407b-8a7f-bea069de37c3"/>
<objectids-entry key="Default zone¤SE_Reworked¤StudentEngagement_ReWorked" objectid="272" type="ACTION" value="f3f6d818-24fc-4bee-a354-daa3b288c37d"/>
<objectids-entry key="Default zone¤SE_Reworked¤StudentEngagement_ReWorked" objectid="273" type="ACTION" value="950cd317-315a-487e-845c-9283e5016978"/>
<objectids-entry key="Default zone¤SE_Reworked¤StudentEngagement_ReWorked" objectid="274" type="HTTP_PAGE" value="97fed79d-03fa-4cf7-bb4b-a8c07d56650a"/>
<objectids-entry key="Default zone¤SE_Reworked¤StudentEngagement_ReWorked" objectid="275" type="ACTION" value="476b6fd4-a6cb-43f5-be49-f7f0f9d2d9ed"/>
<objectids-entry key="Default zone¤SE_Reworked¤StudentEngagement_ReWorked" objectid="276" type="HTTP_PAGE" value="a448464d-4ce0-49e0-9dbb-664e4337458b"/>
<objectids-entry key="Default zone¤SE_Reworked¤StudentEngagement_ReWorked" objectid="277" type="ACTION" value="5a6e188d-3a99-4296-8cb6-cb4bb70a9aa0"/>
<objectids-entry key="Default zone¤SE_Reworked¤StudentEngagement_ReWorked" objectid="278" type="HTTP_PAGE" value="2b3c7934-a10d-47e0-882a-408cd291daa1"/>
<objectids-entry key="Default zone¤SE_Reworked¤StudentEngagement_ReWorked" objectid="279" type="ACTION" value="26b57957-9db5-4336-9990-02686ae4e637"/>
<objectids-entry key="Default zone¤SE_Reworked¤StudentEngagement_ReWorked" objectid="280" type="HTTP_PAGE" value="4972f240-67f0-4b24-b582-94125be3c2f2"/>
<objectids-entry key="Default zone¤SE_Reworked¤StudentEngagement_ReWorked" objectid="281" type="ACTION" value="a5907461-a003-4ee3-8a23-a5b6b8be4ab6"/>
<objectids-entry key="Default zone¤SE_Reworked¤StudentEngagement_ReWorked" objectid="282" type="HTTP_PAGE" value="a03d8217-81e0-4615-bd97-3b7503a4e4dd"/>
<objectids-entry key="Default zone¤SE_Reworked¤StudentEngagement_ReWorked" objectid="283" type="ACTION" value="51a06c26-364f-4ba1-a174-e708a281e8ec"/>
<objectids-entry key="Default zone¤SE_Reworked¤StudentEngagement_ReWorked" objectid="284" type="BASIC_LOGICAL_CONTAINER" value="$parent=StudentEngagement_ReWorked;$index=2"/>
<objectids-entry key="¤¤" objectid="285" type="MONITORED_HOST" value="NeoLoad"/>
<objectids-entry key="¤¤" objectid="286" type="MONITORCONNECTION" value="NeoLoad$NeoLoad"/>
<objectids-entry key="¤¤" objectid="287" type="MONITOR" value="NeoLoad$NeoLoad$UserLoad"/>
<objectids-entry key="¤¤" objectid="288" type="MONITOR" value="NeoLoad$NeoLoad$throughput"/>
<objectids-entry key="¤¤" objectid="289" type="MONITOR" value="NeoLoad$NeoLoad$Alerts"/>
<objectids-entry key="¤¤" objectid="290" type="MONITOR" value="NeoLoad$NeoLoad$CriticalAlerts"/>
<objectids-entry key="¤¤" objectid="291" type="MONITOR" value="NeoLoad$NeoLoad$WarningAlerts"/>
<objectids-entry key="¤¤" objectid="292" type="MONITOR" value="NeoLoad$NeoLoad$cpu"/>
<objectids-entry key="¤¤" objectid="293" type="THRESHOLD" value="NeoLoad$NeoLoad$737a0b04-7efe-43af-890a-6e911fd71666"/>
<objectids-entry key="¤¤" objectid="294" type="MONITOR" value="NeoLoad$NeoLoad$memory"/>
<objectids-entry key="¤¤" objectid="295" type="THRESHOLD" value="NeoLoad$NeoLoad$83186e29-ca44-4c0e-8800-b658415e505d"/>
<objectids-entry key="¤¤" objectid="296" type="MONITOR" value="NeoLoad$NeoLoad$threadcount"/>
<objectids-entry key="¤¤" objectid="297" type="MONITOR" value="NeoLoad$NeoLoad$otcp.NeoLoad"/>
<objectids-entry key="¤¤" objectid="298" type="MONITOR" value="NeoLoad$NeoLoad$tcp.NeoLoad"/>
<objectids-entry key="¤¤" objectid="299" type="MONITOR" value="NeoLoad$NeoLoad$ibytesperinterface~NeoLoad~net0"/>
<objectids-entry key="¤¤" objectid="300" type="MONITOR" value="NeoLoad$NeoLoad$obytesperinterface~NeoLoad~net0"/>
<objectids-entry key="¤¤" objectid="301" type="MONITOR" value="NeoLoad$NeoLoad$ibytesperinterface~NeoLoad~net1"/>
<objectids-entry key="¤¤" objectid="302" type="MONITOR" value="NeoLoad$NeoLoad$obytesperinterface~NeoLoad~net1"/>
<objectids-entry key="¤¤" objectid="303" type="MONITOR" value="NeoLoad$NeoLoad$ibytesperinterface~NeoLoad~eth1"/>
<objectids-entry key="¤¤" objectid="304" type="MONITOR" value="NeoLoad$NeoLoad$obytesperinterface~NeoLoad~eth1"/>
<objectids-entry key="¤¤" objectid="305" type="MONITOR" value="NeoLoad$NeoLoad$ibytesperinterface~NeoLoad~eth10"/>
<objectids-entry key="¤¤" objectid="306" type="MONITOR" value="NeoLoad$NeoLoad$obytesperinterface~NeoLoad~eth10"/>
<objectids-entry key="¤¤" objectid="307" type="MONITOR" value="NeoLoad$NeoLoad$zoneuserload~Default zone"/>
<objectids-entry key="¤¤" objectid="308" type="MONITORED_HOST" value="LG localhost"/>
<objectids-entry key="¤¤" objectid="309" type="MONITORCONNECTION" value="LG localhost$NeoLoad"/>
<objectids-entry key="¤¤" objectid="310" type="MONITOR" value="LG localhost$NeoLoad$lgcpu.localhost"/>
<objectids-entry key="¤¤" objectid="311" type="THRESHOLD" value="LG localhost$NeoLoad$2dec1b08-6589-41b2-88f6-6604aeb91adf"/>
<objectids-entry key="¤¤" objectid="312" type="MONITOR" value="LG localhost$NeoLoad$lgmemory.localhost"/>
<objectids-entry key="¤¤" objectid="313" type="THRESHOLD" value="LG localhost$NeoLoad$01eb0857-a721-4ca0-b896-e4371d8e7871"/>
<objectids-entry key="¤¤" objectid="314" type="MONITOR" value="LG localhost$NeoLoad$lgthroughput.localhost"/>
<objectids-entry key="¤¤" objectid="315" type="MONITOR" value="LG localhost$NeoLoad$lguserloadperpopulation~localhost"/>
<objectids-entry key="¤¤" objectid="316" type="MONITOR" value="LG localhost$NeoLoad$lgthreadcount.localhost"/>
<objectids-entry key="¤¤" objectid="317" type="MONITOR" value="LG localhost$NeoLoad$lgping.localhost"/>
<objectids-entry key="¤¤" objectid="318" type="MONITOR" value="LG localhost$NeoLoad$lgotcp.localhost"/>
<objectids-entry key="¤¤" objectid="319" type="MONITOR" value="LG localhost$NeoLoad$lgtcp.localhost"/>
<objectids-entry key="¤¤" objectid="320" type="MONITOR" value="LG localhost$NeoLoad$lgibytesperinterface~localhost~net0"/>
<objectids-entry key="¤¤" objectid="321" type="MONITOR" value="LG localhost$NeoLoad$lgobytesperinterface~localhost~net0"/>
<objectids-entry key="¤¤" objectid="322" type="MONITOR" value="LG localhost$NeoLoad$lgibytesperinterface~localhost~net1"/>
<objectids-entry key="¤¤" objectid="323" type="MONITOR" value="LG localhost$NeoLoad$lgobytesperinterface~localhost~net1"/>
<objectids-entry key="¤¤" objectid="324" type="MONITOR" value="LG localhost$NeoLoad$lgibytesperinterface~localhost~eth1"/>
<objectids-entry key="¤¤" objectid="325" type="MONITOR" value="LG localhost$NeoLoad$lgobytesperinterface~localhost~eth1"/>
<objectids-entry key="¤¤" objectid="326" type="MONITOR" value="LG localhost$NeoLoad$lgibytesperinterface~localhost~eth10"/>
<objectids-entry key="¤¤" objectid="327" type="MONITOR" value="LG localhost$NeoLoad$lgobytesperinterface~localhost~eth10"/>
<objectids-entry key="¤¤" objectid="328" type="MONITOR" value="LG localhost$NeoLoad$lguserloadperpopulation~localhost~SE_Reworked"/>
<objectids-entry key="¤¤" objectid="329" type="MONITOR" value="LG localhost$NeoLoad$lguserloadperpopulation~localhost~SE_Reworked~StudentEngagement_ReWorked"/>
</objectids-table>
<!--****** DURATION ******-->
<duration value="123717"/>
<!--****** AGGREGATION PERIOD ******-->
<aggregation-period value="1000"/>
<!--****** EXTENDED STATISTICS ******-->
<truncated-mean centered-interval="true" percentage="90"/>
<percentile percentage="50"/>
</project>
